,name,team,g,rec_target,rec_rec,rec_yd,rec_td,fp,fpg,season,week
1,Jack Doyle,IND,1,4,3,35,2,15.5,15.5,2016,1
2,Julius Thomas,JAC,1,5,5,64,1,12.4,12.4,2016,1
3,Dwayne Allen,IND,1,6,4,53,1,11.3,11.3,2016,1
4,Eric Ebron,DET,1,5,5,46,1,10.6,10.6,2016,1
5,Austin Seferian-Jenkins,TB,1,1,1,30,1,9.0,9.0,2016,1
6,Larry Donnell,NYG,1,2,1,15,1,7.5,7.5,2016,1
7,Travis Kelce,KC,1,7,6,74,0,7.4,7.4,2016,1
8,Vance McDonald,SF,1,3,2,14,1,7.4,7.4,2016,1
9,Greg Olsen,CAR,1,9,7,73,0,7.3,7.3,2016,1
10,Jason Witten,DAL,1,14,9,66,0,6.6,6.6,2016,1
11,Kyle Rudolph,MIN,1,8,4,65,0,6.5,6.5,2016,1
12,Brandon Myers,TB,1,1,1,4,1,6.4,6.4,2016,1
13,Jordan Reed,WAS,1,11,7,64,0,6.4,6.4,2016,1
14,C.J. Uzomah,CIN,1,5,2,59,0,5.9,5.9,2016,1
15,Zach Ertz,PHI,1,7,6,58,0,5.8,5.8,2016,1
16,Jacob Tamme,ATL,1,8,6,51,0,5.1,5.1,2016,1
17,Marcedes Lewis,JAC,1,2,2,48,0,4.8,4.8,2016,1
18,Delanie Walker,TEN,1,5,3,42,0,4.2,4.2,2016,1
19,Jermaine Gresham,ARI,1,4,4,41,0,4.1,4.1,2016,1
20,Charles Clay,BUF,1,3,2,40,0,4.0,4.0,2016,1
21,Dennis Pitta,BAL,1,4,3,39,0,3.9,3.9,2016,1
22,Jesse James,PIT,1,7,5,31,0,3.1,3.1,2016,1
23,Cameron Brate,TB,1,4,3,30,0,3.0,3.0,2016,1
24,Virgil Green,DEN,1,5,4,28,0,2.8,2.8,2016,1
25,Luke Willson,SEA,1,4,2,26,0,2.6,2.6,2016,1
26,Stephen Anderson,HOU,1,3,3,25,0,2.5,2.5,2016,1
27,Clive Walford,OAK,1,5,3,25,0,2.5,2.5,2016,1
28,Richard Rodgers,GB,1,3,1,22,0,2.2,2.2,2016,1
29,Geoff Swaim,DAL,1,1,1,21,0,2.1,2.1,2016,1
30,Vernon Davis,WAS,1,1,1,20,0,2.0,2.0,2016,1
31,Antonio Gates,SD,1,4,3,20,0,2.0,2.0,2016,1
32,Demetrius Harris,KC,1,3,2,20,0,2.0,2.0,2016,1
33,Hunter Henry,SD,1,2,1,20,0,2.0,2.0,2016,1
34,Ryan Griffin,HOU,1,2,2,17,0,1.7,1.7,2016,1
35,Will Tye,NYG,1,3,3,16,0,1.6,1.6,2016,1
36,Garrett Celek,SF,1,4,1,15,0,1.5,1.5,2016,1
37,Lance Kendricks,LAR,1,3,2,15,0,1.5,1.5,2016,1
38,Martellus Bennett,NE,1,5,3,14,0,1.4,1.4,2016,1
39,Austin Hooper,ATL,1,1,1,14,0,1.4,1.4,2016,1
40,Zach Miller,CHI,1,4,3,14,0,1.4,1.4,2016,1
41,Brent Celek,PHI,1,1,1,11,0,1.1,1.1,2016,1
42,Jimmy Graham,SEA,1,1,1,11,0,1.1,1.1,2016,1
43,Malcolm Johnson,CLE,1,2,2,9,0,0.9,0.9,2016,1
44,Jared Cook,GB,1,2,1,7,0,0.7,0.7,2016,1
45,Jordan Cameron,MIA,1,3,2,6,0,0.6,0.6,2016,1
46,C.J. Fiedorowicz,HOU,1,2,1,6,0,0.6,0.6,2016,1
47,Coby Fleener,NO,1,4,1,6,0,0.6,0.6,2016,1
48,Crockett Gillmore,BAL,1,1,1,5,0,0.5,0.5,2016,1
49,Cole Wick,DET,1,1,1,5,0,0.5,0.5,2016,1
50,Tyler Higbee,LAR,1,4,1,2,0,0.2,0.2,2016,1
1,Greg Olsen,CAR,1,8,5,122,1,18.2,18.2,2016,2
2,Martellus Bennett,NE,1,6,5,114,1,17.4,17.4,2016,2
3,Delanie Walker,TEN,1,6,6,83,1,14.3,14.3,2016,2
4,Vance McDonald,SF,1,2,1,75,1,13.5,13.5,2016,2
5,Jacob Tamme,ATL,1,8,5,75,1,13.5,13.5,2016,2
6,Clive Walford,OAK,1,7,6,50,1,11.0,11.0,2016,2
7,Trey Burton,PHI,1,7,5,49,1,10.9,10.9,2016,2
8,Jordan Cameron,MIA,1,7,5,49,1,10.9,10.9,2016,2
9,Dennis Pitta,BAL,1,12,9,102,0,10.2,10.2,2016,2
10,Kyle Rudolph,MIN,1,8,3,31,1,9.1,9.1,2016,2
11,Jesse James,PIT,1,5,3,29,1,8.9,8.9,2016,2
12,Xavier Grimble,PIT,1,4,2,26,1,8.6,8.6,2016,2
13,Austin Hooper,ATL,1,3,3,84,0,8.4,8.4,2016,2
14,Marcedes Lewis,JAC,1,3,2,17,1,7.7,7.7,2016,2
15,Antonio Gates,SD,1,5,3,15,1,7.5,7.5,2016,2
16,Julius Thomas,JAC,1,7,4,71,0,7.1,7.1,2016,2
17,Jordan Reed,WAS,1,7,5,70,0,7.0,7.0,2016,2
18,Lance Kendricks,LAR,1,6,4,61,0,6.1,6.1,2016,2
19,Eric Ebron,DET,1,7,4,53,0,5.3,5.3,2016,2
20,Vernon Davis,WAS,1,5,5,51,0,5.1,5.1,2016,2
21,Jason Witten,DAL,1,4,3,51,0,5.1,5.1,2016,2
22,Virgil Green,DEN,1,3,3,46,0,4.6,4.6,2016,2
23,Jimmy Graham,SEA,1,4,3,42,0,4.2,4.2,2016,2
24,Gary Barnidge,CLE,1,5,4,37,0,3.7,3.7,2016,2
25,Jack Doyle,IND,1,5,4,37,0,3.7,3.7,2016,2
26,Tyler Kroft,CIN,1,4,3,35,0,3.5,3.5,2016,2
27,Travis Kelce,KC,1,7,5,34,0,3.4,3.4,2016,2
28,Zach Miller,CHI,1,5,4,33,0,3.3,3.3,2016,2
29,Jared Cook,GB,1,6,4,31,0,3.1,3.1,2016,2
30,Darren Fells,ARI,1,5,4,31,0,3.1,3.1,2016,2
31,Coby Fleener,NO,1,8,2,29,0,2.9,2.9,2016,2
32,Geoff Swaim,DAL,1,2,2,29,0,2.9,2.9,2016,2
33,Charles Clay,BUF,1,7,5,27,0,2.7,2.7,2016,2
34,Dwayne Allen,IND,1,4,2,25,0,2.5,2.5,2016,2
35,Richard Rodgers,GB,1,2,2,25,0,2.5,2.5,2016,2
36,Larry Donnell,NYG,1,5,4,24,0,2.4,2.4,2016,2
37,Lee Smith,OAK,1,4,4,24,0,2.4,2.4,2016,2
38,Crockett Gillmore,BAL,1,3,1,22,0,2.2,2.2,2016,2
39,Dion Sims,MIA,1,1,1,21,0,2.1,2.1,2016,2
40,Levine Toilolo,ATL,1,2,2,21,0,2.1,2.1,2016,2
41,Cameron Brate,TB,1,4,3,16,0,1.6,1.6,2016,2
42,Niles Paul,WAS,1,1,1,16,0,1.6,1.6,2016,2
43,Stephen Anderson,HOU,1,3,2,15,0,1.5,1.5,2016,2
44,Austin Seferian-Jenkins,TB,1,2,2,14,0,1.4,1.4,2016,2
45,Garrett Celek,SF,1,2,1,12,0,1.2,1.2,2016,2
46,Will Tye,NYG,1,3,2,10,0,1.0,1.0,2016,2
47,C.J. Uzomah,CIN,1,8,3,9,0,0.9,0.9,2016,2
48,Phillip Supernaw,TEN,1,1,1,7,0,0.7,0.7,2016,2
49,Blake Bell,SF,1,2,1,6,0,0.6,0.6,2016,2
50,Luke Willson,SEA,1,1,1,6,0,0.6,0.6,2016,2
1,Zach Miller,CHI,1,9,8,78,2,19.8,19.8,2016,3
2,Coby Fleener,NO,1,11,7,109,1,16.9,16.9,2016,3
3,Cameron Brate,TB,1,10,5,46,2,16.6,16.6,2016,3
4,Jimmy Graham,SEA,1,9,6,100,1,16.0,16.0,2016,3
5,Travis Kelce,KC,1,7,6,89,1,14.9,14.9,2016,3
6,Kyle Rudolph,MIN,1,10,7,70,1,13.0,13.0,2016,3
7,Hunter Henry,SD,1,5,5,76,0,7.6,7.6,2016,3
8,Eric Ebron,DET,1,8,5,69,0,6.9,6.9,2016,3
9,John Phillips,DEN,1,4,2,9,1,6.9,6.9,2016,3
10,Richard Rodgers,GB,1,3,2,9,1,6.9,6.9,2016,3
11,Gary Barnidge,CLE,1,6,5,66,0,6.6,6.6,2016,3
12,Jack Doyle,IND,1,6,6,65,0,6.5,6.5,2016,3
13,Greg Olsen,CAR,1,10,6,64,0,6.4,6.4,2016,3
14,Brent Celek,PHI,1,4,3,61,0,6.1,6.1,2016,3
15,Jace Amaro,TEN,1,4,3,59,0,5.9,5.9,2016,3
16,Jordan Reed,WAS,1,7,4,56,0,5.6,5.6,2016,3
17,Ryan Griffin,HOU,1,10,8,52,0,5.2,5.2,2016,3
18,Dion Sims,MIA,1,4,4,46,0,4.6,4.6,2016,3
19,Dennis Pitta,BAL,1,8,6,42,0,4.2,4.2,2016,3
20,Dwayne Allen,IND,1,5,3,35,0,3.5,3.5,2016,3
21,C.J. Uzomah,CIN,1,4,2,31,0,3.1,3.1,2016,3
22,Jeff Heuerman,DEN,1,1,1,29,0,2.9,2.9,2016,3
23,Nick O'Leary,BUF,1,1,1,28,0,2.8,2.8,2016,3
24,Jacob Tamme,ATL,1,4,3,28,0,2.8,2.8,2016,3
25,Clive Walford,OAK,1,3,2,27,0,2.7,2.7,2016,3
26,Garrett Celek,SF,1,4,3,25,0,2.5,2.5,2016,3
27,Jason Witten,DAL,1,2,2,25,0,2.5,2.5,2016,3
28,Ed Dickson,CAR,1,1,1,23,0,2.3,2.3,2016,3
29,Marcedes Lewis,JAC,1,3,3,20,0,2.0,2.0,2016,3
30,Trey Burton,PHI,1,6,2,19,0,1.9,1.9,2016,3
31,Rhett Ellison,MIN,1,1,1,18,0,1.8,1.8,2016,3
32,Martellus Bennett,NE,1,3,2,10,0,1.6,1.6,2016,3
33,Jared Cook,GB,1,3,1,15,0,1.5,1.5,2016,3
34,Darren Fells,ARI,1,2,2,15,0,1.5,1.5,2016,3
35,Demetrius Harris,KC,1,3,2,14,0,1.4,1.4,2016,3
36,Will Tye,NYG,1,5,3,14,0,1.4,1.4,2016,3
37,Sean McGrath,SD,1,1,1,13,0,1.3,1.3,2016,3
38,Justin Perillo,GB,1,1,1,13,0,1.3,1.3,2016,3
39,Julius Thomas,JAC,1,5,2,13,0,1.3,1.3,2016,3
40,Cole Wick,DET,1,1,1,13,0,1.3,1.3,2016,3
41,Larry Donnell,NYG,1,4,3,11,0,1.1,1.1,2016,3
42,Jesse James,PIT,1,4,2,10,0,1.0,1.0,2016,3
43,Ross Travis,KC,1,2,2,10,0,1.0,1.0,2016,3
44,Luke Willson,SEA,1,3,2,9,0,0.9,0.9,2016,3
45,Brandon Myers,TB,1,3,1,7,0,0.7,0.7,2016,3
46,Jordan Cameron,MIA,1,1,1,5,0,0.5,0.5,2016,3
47,Vance McDonald,SF,1,2,2,4,0,0.4,0.4,2016,3
48,Lee Smith,OAK,1,1,1,4,0,0.4,0.4,2016,3
49,Malcolm Johnson,CLE,1,1,1,3,0,0.3,0.3,2016,3
50,Stephen Anderson,HOU,1,1,0,0,0,0.0,0.0,2016,3
1,Jordan Reed,WAS,1,10,9,73,2,19.3,19.3,2016,4
2,Greg Olsen,CAR,1,13,6,76,1,13.6,13.6,2016,4
3,Hunter Henry,SD,1,7,4,61,1,12.1,12.1,2016,4
4,Kyle Rudolph,MIN,1,7,5,55,1,11.5,11.5,2016,4
5,Jimmy Graham,SEA,1,8,6,113,0,11.3,11.3,2016,4
6,Martellus Bennett,NE,1,6,5,109,0,10.9,10.9,2016,4
7,C.J. Fiedorowicz,HOU,1,5,4,48,1,10.8,10.8,2016,4
8,Austin Hooper,ATL,1,1,1,42,1,10.2,10.2,2016,4
9,Zach Miller,CHI,1,3,3,31,1,9.1,9.1,2016,4
10,Travis Kelce,KC,1,8,5,23,1,8.3,8.3,2016,4
11,Garrett Celek,SF,1,5,5,79,0,7.9,7.9,2016,4
12,Jesse James,PIT,1,2,2,15,1,7.5,7.5,2016,4
13,Cameron Brate,TB,1,8,5,67,0,6.7,6.7,2016,4
14,Jacob Tamme,ATL,1,2,2,3,1,6.3,6.3,2016,4
15,Gary Barnidge,CLE,1,7,7,57,0,5.7,5.7,2016,4
16,Ryan Griffin,HOU,1,5,3,54,0,5.4,5.4,2016,4
17,Lance Kendricks,LAR,1,7,5,52,0,5.2,5.2,2016,4
18,Charles Clay,BUF,1,7,5,47,0,4.7,4.7,2016,4
19,Jason Witten,DAL,1,9,7,47,0,4.7,4.7,2016,4
20,C.J. Uzomah,CIN,1,5,4,45,0,4.5,4.5,2016,4
21,Will Tye,NYG,1,6,4,43,0,4.3,4.3,2016,4
22,Eric Ebron,DET,1,5,4,42,0,4.2,4.2,2016,4
23,Delanie Walker,TEN,1,8,2,34,0,3.4,3.4,2016,4
24,David Johnson,PIT,1,1,1,26,0,2.6,2.6,2016,4
25,Clive Walford,OAK,1,4,2,23,0,2.3,2.3,2016,4
26,Dwayne Allen,IND,1,4,2,20,0,2.0,2.0,2016,4
27,Nick O'Leary,BUF,1,2,2,20,0,2.0,2.0,2016,4
28,Coby Fleener,NO,1,5,3,19,0,1.9,1.9,2016,4
29,Xavier Grimble,PIT,1,2,1,19,0,1.9,1.9,2016,4
30,Jeff Heuerman,DEN,1,1,1,19,0,1.9,1.9,2016,4
31,Ed Dickson,CAR,1,2,2,17,0,1.7,1.7,2016,4
32,Dennis Pitta,BAL,1,5,3,17,0,1.7,1.7,2016,4
33,Crockett Gillmore,BAL,1,2,2,16,0,1.6,1.6,2016,4
34,Malcolm Johnson,CLE,1,1,1,11,0,1.3,1.3,2016,4
35,Demetrius Harris,KC,1,1,1,12,0,1.2,1.2,2016,4
36,Marcedes Lewis,JAC,1,2,1,12,0,1.2,1.2,2016,4
37,Rob Gronkowski,NE,1,2,1,11,0,1.1,1.1,2016,4
38,Logan Paulsen,CHI,1,3,2,10,0,1.0,1.0,2016,4
39,Neal Sterling,JAC,1,1,1,10,0,1.0,1.0,2016,4
40,Dion Sims,MIA,1,2,1,9,0,0.9,0.9,2016,4
41,Vernon Davis,WAS,1,1,1,8,0,0.8,0.8,2016,4
42,Darren Fells,ARI,1,2,2,7,0,0.7,0.7,2016,4
43,MyCole Pruitt,MIN,1,1,1,7,0,0.7,0.7,2016,4
44,Jack Doyle,IND,1,1,1,6,0,0.6,0.6,2016,4
45,Rhett Ellison,MIN,1,1,1,2,0,0.2,0.2,2016,4
46,Mychal Rivera,OAK,1,1,1,1,0,0.1,0.1,2016,4
47,Lee Smith,OAK,1,1,1,1,0,0.1,0.1,2016,4
48,Braedon Bowman,NYJ,1,1,0,0,0,0.0,0.0,2016,4
49,Alan Cross,TB,1,1,0,0,0,0.0,0.0,2016,4
50,Anthony Fasano,TEN,1,1,0,0,0,0.0,0.0,2016,4
1,Martellus Bennett,NE,1,8,6,67,3,24.7,24.7,2016,5
2,Greg Olsen,CAR,1,13,9,181,0,18.1,18.1,2016,5
3,Hunter Henry,SD,1,4,3,74,1,13.4,13.4,2016,5
4,Delanie Walker,TEN,1,8,5,66,1,12.6,12.6,2016,5
5,Dwayne Allen,IND,1,6,6,50,1,11.0,11.0,2016,5
6,Rob Gronkowski,NE,1,7,5,109,0,10.9,10.9,2016,5
7,Jesse James,PIT,1,8,6,43,1,10.3,10.3,2016,5
8,Antonio Gates,SD,1,5,4,30,1,9.0,9.0,2016,5
9,Crockett Gillmore,BAL,1,7,4,28,1,8.8,8.8,2016,5
10,Connor Hamlett,CLE,1,1,1,17,1,7.7,7.7,2016,5
11,Gary Barnidge,CLE,1,8,5,76,0,7.6,7.6,2016,5
12,Charles Clay,BUF,1,5,5,73,0,7.3,7.3,2016,5
13,Zach Miller,CHI,1,8,7,73,0,7.3,7.3,2016,5
14,C.J. Fiedorowicz,HOU,1,8,4,61,0,6.1,6.1,2016,5
15,Dennis Pitta,BAL,1,8,7,59,0,5.9,5.9,2016,5
16,Jordan Reed,WAS,1,11,8,53,0,5.3,5.3,2016,5
17,C.J. Uzomah,CIN,1,5,5,43,0,4.3,4.3,2016,5
18,Jason Witten,DAL,1,5,3,43,0,4.3,4.3,2016,5
19,Cameron Brate,TB,1,3,1,38,0,3.8,3.8,2016,5
20,Zach Ertz,PHI,1,3,3,37,0,3.7,3.7,2016,5
21,Will Tye,NYG,1,3,2,37,0,3.7,3.7,2016,5
22,Tyler Kroft,CIN,1,3,3,29,0,2.9,2.9,2016,5
23,Jerell Adams,NYG,1,2,2,27,0,2.7,2.7,2016,5
24,Lance Kendricks,LAR,1,3,2,24,0,2.4,2.4,2016,5
25,Austin Seferian-Jenkins,NYJ,1,2,2,17,0,1.7,1.7,2016,5
26,Vernon Davis,WAS,1,4,3,15,0,1.5,1.5,2016,5
27,Kyle Rudolph,MIN,1,4,2,15,0,1.5,1.5,2016,5
28,Austin Hooper,ATL,1,1,1,14,0,1.4,1.4,2016,5
29,Xavier Grimble,PIT,1,2,2,13,0,1.3,1.3,2016,5
30,Brandon Myers,TB,1,1,1,12,0,1.2,1.2,2016,5
31,Anthony Fasano,TEN,1,1,1,10,0,1.0,1.0,2016,5
32,Brandon Bostick,NYJ,1,1,1,9,0,0.9,0.9,2016,5
33,Jack Doyle,IND,1,3,2,8,0,0.8,0.8,2016,5
34,Ryan Griffin,HOU,1,6,2,8,0,0.8,0.8,2016,5
35,Richard Rodgers,GB,1,5,1,6,0,0.6,0.6,2016,5
36,Dion Sims,MIA,1,3,1,6,0,0.6,0.6,2016,5
37,Trey Burton,PHI,1,2,1,5,0,0.5,0.5,2016,5
38,Alan Cross,TB,1,1,1,5,0,0.5,0.5,2016,5
39,Blake Bell,SF,1,2,1,4,0,0.4,0.4,2016,5
40,Garrett Celek,SF,1,6,1,4,0,0.4,0.4,2016,5
41,Jermaine Gresham,ARI,1,1,1,4,0,0.4,0.4,2016,5
42,Dominique Jones,MIA,1,2,2,4,0,0.4,0.4,2016,5
43,Jacob Tamme,ATL,1,1,1,1,0,0.1,0.1,2016,5
44,Jeff Heuerman,DEN,1,1,0,0,0,0.0,0.0,2016,5
45,Tyler Higbee,LAR,1,1,0,0,0,0.0,0.0,2016,5
46,Malcolm Johnson,CLE,1,1,0,0,0,0.0,0.0,2016,5
47,Logan Paulsen,CHI,1,1,0,0,0,0.0,0.0,2016,5
48,John Phillips,DEN,1,1,0,0,0,0.0,0.0,2016,5
49,Mychal Rivera,OAK,1,0,0,0,0,0.0,0.0,2016,5
50,Geoff Swaim,DAL,1,1,0,0,0,0.0,0.0,2016,5
1,Rob Gronkowski,NE,1,9,7,162,1,22.2,22.2,2016,6
2,Coby Fleener,NO,1,7,6,74,1,19.6,19.6,2016,6
3,C.J. Fiedorowicz,HOU,1,7,6,85,1,14.5,14.5,2016,6
4,Hunter Henry,SD,1,8,6,83,1,14.3,14.3,2016,6
5,Levine Toilolo,ATL,1,4,3,69,1,12.9,12.9,2016,6
6,Jack Doyle,IND,1,4,4,53,1,11.3,11.3,2016,6
7,Vernon Davis,WAS,1,4,2,50,1,11.0,11.0,2016,6
8,Lance Kendricks,LAR,1,8,5,34,1,9.4,9.4,2016,6
9,Greg Olsen,CAR,1,7,6,94,0,9.4,9.4,2016,6
10,Jimmy Graham,SEA,1,9,6,89,0,8.9,8.9,2016,6
11,Ed Dickson,CAR,1,4,3,23,1,8.3,8.3,2016,6
12,Josh Hill,NO,1,5,2,23,1,8.3,8.3,2016,6
13,MarQueis Gray,MIA,1,3,3,81,0,8.1,8.1,2016,6
14,Anthony Fasano,TEN,1,1,1,15,1,7.5,7.5,2016,6
15,Gary Barnidge,CLE,1,5,3,59,0,5.9,5.9,2016,6
16,Charles Clay,BUF,1,7,5,52,0,5.2,5.2,2016,6
17,Martellus Bennett,NE,1,5,5,48,0,4.8,4.8,2016,6
18,Erik Swoope,IND,1,3,2,42,0,4.2,4.2,2016,6
19,Jason Witten,DAL,1,8,4,42,0,4.2,4.2,2016,6
20,Zach Miller,CHI,1,10,6,36,0,3.6,3.6,2016,6
21,Dennis Pitta,BAL,1,10,6,36,0,3.6,3.6,2016,6
22,Larry Donnell,NYG,1,7,6,34,0,3.4,3.4,2016,6
23,Travis Kelce,KC,1,3,3,32,0,3.2,3.2,2016,6
24,Ryan Griffin,HOU,1,5,3,31,0,3.1,3.1,2016,6
25,John Phillips,DEN,1,3,3,31,0,3.1,3.1,2016,6
26,Nick O'Leary,BUF,1,2,2,29,0,2.9,2.9,2016,6
27,Julius Thomas,JAC,1,4,2,28,0,2.8,2.8,2016,6
28,Vance McDonald,SF,1,2,2,25,0,2.5,2.5,2016,6
29,Phillip Supernaw,TEN,1,2,2,25,0,2.5,2.5,2016,6
30,Clive Walford,OAK,1,2,2,25,0,2.5,2.5,2016,6
31,Zach Ertz,PHI,1,3,1,22,0,2.2,2.2,2016,6
32,Virgil Green,DEN,1,4,3,21,0,2.1,2.1,2016,6
33,Delanie Walker,TEN,1,2,1,21,0,2.1,2.1,2016,6
34,Tyler Kroft,CIN,1,2,2,19,0,1.9,1.9,2016,6
35,Antonio Gates,SD,1,6,2,16,0,1.6,1.6,2016,6
36,Mychal Rivera,OAK,1,2,1,16,0,1.6,1.6,2016,6
37,Jacob Tamme,ATL,1,3,2,16,0,1.6,1.6,2016,6
38,Richard Rodgers,GB,1,3,2,15,0,1.5,1.5,2016,6
39,Will Tye,NYG,1,2,2,15,0,1.5,1.5,2016,6
40,Jermaine Gresham,ARI,1,2,1,14,0,1.4,1.4,2016,6
41,Jesse James,PIT,1,3,2,13,0,1.3,1.3,2016,6
42,Dion Sims,MIA,1,2,1,12,0,1.2,1.2,2016,6
43,Xavier Grimble,PIT,1,3,1,11,0,1.1,1.1,2016,6
44,Demetrius Harris,KC,1,2,1,11,0,1.1,1.1,2016,6
45,Dwayne Allen,IND,1,2,1,9,0,0.9,0.9,2016,6
46,Luke Willson,SEA,1,1,1,9,0,0.9,0.9,2016,6
47,Darren Fells,ARI,1,1,1,8,0,0.8,0.8,2016,6
48,Dominique Jones,MIA,1,2,1,8,0,0.8,0.8,2016,6
49,Trey Burton,PHI,1,1,1,7,0,0.7,0.7,2016,6
50,C.J. Uzomah,CIN,1,2,1,6,0,0.6,0.6,2016,6
1,Rob Gronkowski,NE,1,4,4,93,1,15.3,15.3,2016,7
2,Delanie Walker,TEN,1,8,7,84,1,14.4,14.4,2016,7
3,Jack Doyle,IND,1,10,9,78,1,13.8,13.8,2016,7
4,Julius Thomas,JAC,1,7,3,20,1,8.0,8.0,2016,7
5,Vernon Davis,WAS,1,6,6,79,0,7.9,7.9,2016,7
6,Jacob Tamme,ATL,1,3,1,17,1,7.7,7.7,2016,7
7,Gary Barnidge,CLE,1,7,6,66,0,6.6,6.6,2016,7
8,Lance Kendricks,LAR,1,9,7,55,0,5.5,5.5,2016,7
9,Kyle Rudolph,MIN,1,11,5,55,0,5.5,5.5,2016,7
10,Jimmy Graham,SEA,1,10,5,53,0,5.3,5.3,2016,7
11,Erik Swoope,IND,1,5,2,51,0,5.1,5.1,2016,7
12,Ifeanyi Momah,ARI,1,2,2,50,0,5.0,5.0,2016,7
13,Coby Fleener,NO,1,2,2,44,0,4.4,4.4,2016,7
14,Zach Miller,CHI,1,5,2,40,0,4.0,4.0,2016,7
15,Dennis Pitta,BAL,1,10,4,40,0,4.0,4.0,2016,7
16,Antonio Gates,SD,1,10,5,38,0,3.8,3.8,2016,7
17,C.J. Fiedorowicz,HOU,1,7,5,35,0,3.5,3.5,2016,7
18,Cameron Brate,TB,1,3,3,29,0,2.9,2.9,2016,7
19,Charles Clay,BUF,1,5,2,29,0,2.9,2.9,2016,7
20,Travis Kelce,KC,1,3,2,24,0,2.4,2.4,2016,7
21,Vance McDonald,SF,1,6,1,24,0,2.4,2.4,2016,7
22,Malcolm Johnson,CLE,1,2,1,21,0,2.1,2.1,2016,7
23,Jesse James,PIT,1,2,2,18,0,1.8,1.8,2016,7
24,Clay Harbor,DET,1,2,2,16,0,1.6,1.6,2016,7
25,Hunter Henry,SD,1,3,1,16,0,1.6,1.6,2016,7
26,Jermaine Gresham,ARI,1,4,2,15,0,1.5,1.5,2016,7
27,Zach Ertz,PHI,1,3,1,14,0,1.4,1.4,2016,7
28,Xavier Grimble,PIT,1,5,2,14,0,1.4,1.4,2016,7
29,Will Tye,NYG,1,3,2,14,0,1.4,1.4,2016,7
30,Ryan Griffin,HOU,1,5,2,13,0,1.3,1.3,2016,7
31,Mychal Rivera,OAK,1,1,1,13,0,1.3,1.3,2016,7
32,Marcedes Lewis,JAC,1,3,1,11,0,1.1,1.1,2016,7
33,Niles Paul,WAS,1,1,1,11,0,1.1,1.1,2016,7
34,Anthony Fasano,TEN,1,2,1,10,0,1.0,1.0,2016,7
35,Demetrius Harris,KC,1,3,1,10,0,1.0,1.0,2016,7
36,Tyler Eifert,CIN,1,2,1,9,0,0.9,0.9,2016,7
37,Larry Donnell,NYG,1,3,1,8,0,0.8,0.8,2016,7
38,Brent Celek,PHI,1,2,1,7,0,0.7,0.7,2016,7
39,Nick O'Leary,BUF,1,1,1,7,0,0.7,0.7,2016,7
40,Richard Rodgers,GB,1,1,1,7,0,0.7,0.7,2016,7
41,Josh Hill,NO,1,1,1,6,0,0.6,0.6,2016,7
42,Jerell Adams,NYG,1,1,1,5,0,0.5,0.5,2016,7
43,Martellus Bennett,NE,1,2,1,5,0,0.5,0.5,2016,7
44,David Johnson,PIT,1,1,1,5,0,0.5,0.5,2016,7
45,Levine Toilolo,ATL,1,1,1,5,0,0.5,0.5,2016,7
46,Clive Walford,OAK,1,2,1,5,0,0.5,0.5,2016,7
47,Garrett Celek,SF,1,3,1,4,0,0.4,0.4,2016,7
48,Tyler Higbee,LAR,1,1,1,4,0,0.4,0.4,2016,7
49,Tyler Kroft,CIN,1,1,1,3,0,0.3,0.3,2016,7
50,Brandon Bostick,NYJ,1,1,0,0,0,0.0,0.0,2016,7
1,Rob Gronkowski,NE,1,7,5,109,1,16.9,16.9,2016,8
2,Tyler Eifert,CIN,1,12,9,102,1,16.2,16.2,2016,8
3,Travis Kelce,KC,1,10,7,101,1,16.1,16.1,2016,8
4,Jordan Reed,WAS,1,13,9,99,1,15.9,15.9,2016,8
5,C.J. Fiedorowicz,HOU,1,7,5,43,1,10.3,10.3,2016,8
6,Mychal Rivera,OAK,1,3,3,36,1,9.6,9.6,2016,8
7,Vernon Davis,WAS,1,5,5,93,0,9.3,9.3,2016,8
8,Antonio Gates,SD,1,9,4,33,1,9.3,9.3,2016,8
9,Zach Miller,CHI,1,10,7,88,0,8.8,8.8,2016,8
10,Julius Thomas,JAC,1,6,3,28,1,8.8,8.8,2016,8
11,Cameron Brate,TB,1,5,3,22,1,8.2,8.2,2016,8
12,Eric Ebron,DET,1,10,7,79,0,7.9,7.9,2016,8
13,Delanie Walker,TEN,1,5,4,75,0,7.8,7.8,2016,8
14,Jason Witten,DAL,1,3,2,16,1,7.6,7.6,2016,8
15,Virgil Green,DEN,1,6,4,55,0,5.5,5.5,2016,8
16,Gary Barnidge,CLE,1,7,3,42,0,4.2,4.2,2016,8
17,Austin Hooper,ATL,1,5,5,41,0,4.1,4.1,2016,8
18,Ben Koyack,JAC,1,5,5,41,0,4.1,4.1,2016,8
19,Jack Doyle,IND,1,3,2,36,0,3.6,3.6,2016,8
20,Coby Fleener,NO,1,4,4,36,0,3.6,3.6,2016,8
21,Martellus Bennett,NE,1,5,4,35,0,3.5,3.5,2016,8
22,Jimmy Graham,SEA,1,5,3,34,0,3.4,3.4,2016,8
23,Ryan Griffin,HOU,1,3,3,34,0,3.4,3.4,2016,8
24,Jermaine Gresham,ARI,1,5,3,32,0,3.2,3.2,2016,8
25,Kyle Rudolph,MIN,1,6,5,31,0,3.1,3.1,2016,8
26,Clive Walford,OAK,1,4,3,31,0,3.1,3.1,2016,8
27,Phillip Supernaw,TEN,1,1,1,30,0,3.0,3.0,2016,8
28,Erik Swoope,IND,1,3,2,30,0,3.0,3.0,2016,8
29,Marcedes Lewis,JAC,1,6,4,23,0,2.3,2.3,2016,8
30,Zach Ertz,PHI,1,4,4,19,0,1.9,1.9,2016,8
31,Jacob Tamme,ATL,1,2,2,19,0,1.9,1.9,2016,8
32,Stephen Anderson,HOU,1,2,2,17,0,1.7,1.7,2016,8
33,Hunter Henry,SD,1,4,2,14,0,1.4,1.4,2016,8
34,Demetrius Harris,KC,1,4,3,13,0,1.3,1.3,2016,8
35,Greg Olsen,CAR,1,3,1,11,0,1.1,1.1,2016,8
36,Nick O'Leary,BUF,1,1,1,10,0,1.0,1.0,2016,8
37,Ben Braunecker,CHI,1,1,1,8,0,0.8,0.8,2016,8
38,Luke Stocker,TB,1,2,2,8,0,0.8,0.8,2016,8
39,Geoff Swaim,DAL,1,1,1,8,0,0.8,0.8,2016,8
40,Nick Vannett,SEA,1,1,1,7,0,0.7,0.7,2016,8
41,Trey Burton,PHI,1,2,1,6,0,0.6,0.6,2016,8
42,Charles Clay,BUF,1,6,2,6,0,0.6,0.6,2016,8
43,Tyler Kroft,CIN,1,1,1,6,0,0.6,0.6,2016,8
44,Seth Devalve,CLE,1,2,1,5,0,0.5,0.5,2016,8
45,Logan Paulsen,CHI,1,2,1,5,0,0.5,0.5,2016,8
46,Brandon Bostick,NYJ,1,1,1,4,0,0.4,0.4,2016,8
47,Josh Hill,NO,1,1,1,3,0,0.3,0.3,2016,8
48,Ifeanyi Momah,ARI,1,1,0,0,0,0.0,0.0,2016,8
49,Richard Rodgers,GB,1,0,0,0,0,0.0,0.0,2016,8
50,Randall Telfer,CLE,1,2,0,0,0,0.0,0.0,2016,8
1,Jimmy Graham,SEA,1,8,8,103,2,22.3,22.3,2016,9
2,Jason Witten,DAL,1,10,8,134,1,19.4,19.4,2016,9
3,Vance McDonald,SF,1,6,3,84,1,14.4,14.4,2016,9
4,Antonio Gates,SD,1,9,5,75,1,13.5,13.5,2016,9
5,Greg Olsen,CAR,1,7,5,52,1,11.2,11.2,2016,9
6,Austin Hooper,ATL,1,6,3,46,1,10.6,10.6,2016,9
7,Cameron Brate,TB,1,6,5,43,1,10.3,10.3,2016,9
8,Dominique Jones,MIA,1,4,3,42,1,10.2,10.2,2016,9
9,Delanie Walker,TEN,1,9,5,42,1,10.2,10.2,2016,9
10,Zach Ertz,PHI,1,8,8,97,0,9.7,9.7,2016,9
11,Eric Ebron,DET,1,8,7,92,0,9.2,9.2,2016,9
12,Levine Toilolo,ATL,1,1,1,32,1,9.2,9.2,2016,9
13,Lance Kendricks,LAR,1,12,7,90,0,9.0,9.0,2016,9
14,Garrett Celek,SF,1,6,4,76,0,7.6,7.6,2016,9
15,Rhett Ellison,MIN,1,1,1,4,0,6.5,6.5,2016,9
16,Richard Rodgers,GB,1,10,6,64,0,6.4,6.4,2016,9
17,Gavin Escobar,DAL,1,1,1,2,1,6.2,6.2,2016,9
18,Jack Doyle,IND,1,9,5,61,0,6.1,6.1,2016,9
19,Kyle Rudolph,MIN,1,3,1,1,1,6.1,6.1,2016,9
20,Travis Kelce,KC,1,7,5,58,0,5.8,5.8,2016,9
21,Trey Burton,PHI,1,3,3,55,0,5.5,5.5,2016,9
22,Coby Fleener,NO,1,6,3,42,0,4.2,4.2,2016,9
23,Josh Hill,NO,1,4,4,40,0,4.0,4.0,2016,9
24,Virgil Green,DEN,1,4,2,37,0,3.7,3.7,2016,9
25,Will Tye,NYG,1,7,4,33,0,3.3,3.3,2016,9
26,Tyler Higbee,LAR,1,7,1,31,0,3.1,3.1,2016,9
27,Jerell Adams,NYG,1,4,3,24,0,2.4,2.4,2016,9
28,Gary Barnidge,CLE,1,3,3,23,0,2.3,2.3,2016,9
29,Marcedes Lewis,JAC,1,4,2,23,0,2.3,2.3,2016,9
30,Julius Thomas,JAC,1,2,2,21,0,2.1,2.1,2016,9
31,Justin Perillo,GB,1,2,2,18,0,1.8,1.8,2016,9
32,Ed Dickson,CAR,1,3,2,17,0,1.7,1.7,2016,9
33,Darren Waller,BAL,1,3,2,17,0,1.7,1.7,2016,9
34,Brandon Williams,SEA,1,2,1,16,0,1.6,1.6,2016,9
35,Dwayne Allen,IND,1,2,1,15,0,1.5,1.5,2016,9
36,David Johnson,PIT,1,2,1,15,0,1.5,1.5,2016,9
37,Dennis Pitta,BAL,1,3,2,14,0,1.4,1.4,2016,9
38,Jesse James,PIT,1,4,2,13,0,1.3,1.3,2016,9
39,Clive Walford,OAK,1,3,2,13,0,1.3,1.3,2016,9
40,Geoff Swaim,DAL,1,2,2,11,0,1.1,1.1,2016,9
41,MarQueis Gray,MIA,1,4,2,10,0,1.0,1.0,2016,9
42,Xavier Grimble,PIT,1,1,1,10,0,1.0,1.0,2016,9
43,Charles Clay,BUF,1,4,3,9,0,0.9,0.9,2016,9
44,Anthony Fasano,TEN,1,1,1,9,0,0.9,0.9,2016,9
45,Erik Swoope,IND,1,1,1,7,0,0.7,0.7,2016,9
46,Mychal Rivera,OAK,1,1,1,6,0,0.6,0.6,2016,9
47,A.J. Derby,DEN,1,1,0,0,0,0.0,0.0,2016,9
48,Demetrius Harris,KC,1,1,0,0,0,0.0,0.0,2016,9
49,Brandon Myers,TB,1,0,0,0,0,0.0,0.0,2016,9
50,James O'Shaughnessy,KC,1,1,1,0,0,0.0,0.0,2016,9
1,Delanie Walker,TEN,1,11,9,124,1,18.4,18.4,2016,10
2,Cameron Brate,TB,1,7,7,84,1,14.4,14.4,2016,10
3,Kyle Rudolph,MIN,1,8,5,69,1,12.9,12.9,2016,10
4,Vernon Davis,WAS,1,3,3,66,1,12.6,12.6,2016,10
5,Antonio Gates,SD,1,9,4,63,1,12.3,12.3,2016,10
6,Martellus Bennett,NE,1,7,7,102,0,10.2,10.2,2016,10
7,Tyler Eifert,CIN,1,5,3,96,0,9.6,9.6,2016,10
8,Seth Devalve,CLE,1,1,1,25,1,8.5,8.5,2016,10
9,Julius Thomas,JAC,1,10,6,24,1,8.4,8.4,2016,10
10,Jerell Adams,NYG,1,3,3,18,1,7.8,7.8,2016,10
11,Darren Waller,BAL,1,2,2,14,1,7.4,7.4,2016,10
12,Hunter Henry,SD,1,2,2,11,1,7.1,7.1,2016,10
13,Anthony Fasano,TEN,1,1,1,9,1,6.9,6.9,2016,10
14,Stephen Anderson,HOU,1,1,1,7,1,6.7,6.7,2016,10
15,Ryan Griffin,HOU,1,4,3,7,1,6.7,6.7,2016,10
16,Jesse James,PIT,1,4,4,59,0,5.9,5.9,2016,10
17,Jason Witten,DAL,1,8,6,59,0,5.9,5.9,2016,10
18,Rob Gronkowski,NE,1,6,3,56,0,5.6,5.6,2016,10
19,Zach Ertz,PHI,1,7,6,55,0,5.5,5.5,2016,10
20,Will Tye,NYG,1,8,5,53,0,5.3,5.3,2016,10
21,Vance McDonald,SF,1,6,4,50,0,5.0,5.0,2016,10
22,Jimmy Graham,SEA,1,4,4,48,0,4.8,4.8,2016,10
23,Jordan Reed,WAS,1,4,2,41,0,4.1,4.1,2016,10
24,Greg Olsen,CAR,1,8,5,39,0,3.9,3.9,2016,10
25,Jermaine Gresham,ARI,1,6,4,37,0,3.7,3.7,2016,10
26,Ben Koyack,JAC,1,3,3,35,0,3.5,3.5,2016,10
27,Zach Miller,CHI,1,7,4,32,0,3.2,3.2,2016,10
28,Travis Kelce,KC,1,6,3,31,0,3.1,3.1,2016,10
29,Ladarius Green,PIT,1,4,3,30,0,3.0,3.0,2016,10
30,Richard Rodgers,GB,1,7,4,27,0,2.7,2.7,2016,10
31,Ed Dickson,CAR,1,2,1,26,0,2.6,2.6,2016,10
32,C.J. Fiedorowicz,HOU,1,5,3,26,0,2.6,2.6,2016,10
33,Coby Fleener,NO,1,2,2,26,0,2.6,2.6,2016,10
34,Dennis Pitta,BAL,1,6,6,26,0,2.6,2.6,2016,10
35,Virgil Green,DEN,1,6,2,24,0,2.4,2.4,2016,10
36,A.J. Derby,DEN,1,3,2,22,0,2.2,2.2,2016,10
37,MarQueis Gray,MIA,1,2,2,18,0,1.8,1.8,2016,10
38,Sean McGrath,SD,1,1,1,12,0,1.2,1.2,2016,10
39,Luke Stocker,TB,1,2,1,11,0,1.1,1.1,2016,10
40,Brent Celek,PHI,1,1,1,9,0,0.9,0.9,2016,10
41,Gary Barnidge,CLE,1,4,1,8,0,0.8,0.8,2016,10
42,Rhett Ellison,MIN,1,2,2,8,0,0.8,0.8,2016,10
43,Austin Hooper,ATL,1,3,1,8,0,0.8,0.8,2016,10
44,Brandon Myers,TB,1,1,1,6,0,0.6,0.6,2016,10
45,Xavier Grimble,PIT,1,2,1,5,0,0.5,0.5,2016,10
46,Ross Travis,KC,1,2,1,5,0,0.5,0.5,2016,10
47,David Johnson,PIT,1,1,1,2,0,0.2,0.2,2016,10
48,Demetrius Harris,KC,1,1,0,0,0,0.0,0.0,2016,10
49,Josh Hill,NO,1,1,0,0,0,0.0,0.0,2016,10
50,Dominique Jones,MIA,1,1,0,0,0,0.0,0.0,2016,10
1,Jared Cook,GB,1,11,6,105,1,16.5,16.5,2016,11
2,Eric Ebron,DET,1,5,3,70,0,13.1,13.1,2016,11
3,Zach Miller,CHI,1,3,3,61,1,12.1,12.1,2016,11
4,Jimmy Graham,SEA,1,5,3,46,1,10.6,10.6,2016,11
5,Vance McDonald,SF,1,6,3,46,1,10.6,10.6,2016,11
6,Travis Kelce,KC,1,9,7,108,0,10.3,10.3,2016,11
7,Zach Ertz,PHI,1,11,6,35,1,9.5,9.5,2016,11
8,Jermaine Gresham,ARI,1,2,2,33,1,9.3,9.3,2016,11
9,Gary Barnidge,CLE,1,5,2,23,1,8.3,8.3,2016,11
10,C.J. Fiedorowicz,HOU,1,10,6,82,0,8.2,8.2,2016,11
11,Jordan Reed,WAS,1,6,5,79,0,7.9,7.9,2016,11
12,Coby Fleener,NO,1,5,3,17,1,7.7,7.7,2016,11
13,Will Tye,NYG,1,5,2,12,1,7.2,7.2,2016,11
14,Alan Cross,TB,1,1,1,3,1,6.3,6.3,2016,11
15,Garrett Celek,SF,1,3,3,41,0,4.1,4.1,2016,11
16,Lance Kendricks,LAR,1,7,4,38,0,3.8,3.8,2016,11
17,Tyler Eifert,CIN,1,6,3,37,0,3.7,3.7,2016,11
18,Jason Witten,DAL,1,7,5,37,0,3.7,3.7,2016,11
19,Delanie Walker,TEN,1,6,4,36,0,3.6,3.6,2016,11
20,Greg Olsen,CAR,1,7,4,33,0,3.3,3.3,2016,11
21,Ryan Griffin,HOU,1,5,3,32,0,3.2,3.2,2016,11
22,Dennis Pitta,BAL,1,5,3,30,0,3.0,3.0,2016,11
23,Richard Rodgers,GB,1,4,4,28,0,2.8,2.8,2016,11
24,Clive Walford,OAK,1,4,2,28,0,2.8,2.8,2016,11
25,Charles Clay,BUF,1,7,5,23,0,2.3,2.3,2016,11
26,Darren Fells,ARI,1,1,1,22,0,2.2,2.2,2016,11
27,Gavin Escobar,DAL,1,3,2,21,0,2.1,2.1,2016,11
28,Dion Sims,MIA,1,4,3,20,0,2.0,2.0,2016,11
29,Brent Celek,PHI,1,1,1,19,0,1.9,1.9,2016,11
30,Cameron Brate,TB,1,3,2,18,0,1.8,1.8,2016,11
31,Marcedes Lewis,JAC,1,2,2,16,0,1.6,1.6,2016,11
32,Stephen Anderson,HOU,1,1,1,14,0,1.4,1.4,2016,11
33,Martellus Bennett,NE,1,2,1,14,0,1.4,1.4,2016,11
34,Trey Burton,PHI,1,2,1,14,0,1.4,1.4,2016,11
35,Kyle Rudolph,MIN,1,3,2,12,0,1.2,1.2,2016,11
36,Julius Thomas,JAC,1,5,3,12,0,1.2,1.2,2016,11
37,Luke Willson,SEA,1,1,1,12,0,1.2,1.2,2016,11
38,Seth Devalve,CLE,1,1,1,8,0,0.8,0.8,2016,11
39,Jack Doyle,IND,1,2,1,7,0,0.7,0.7,2016,11
40,MarQueis Gray,MIA,1,1,1,5,0,0.5,0.5,2016,11
41,Jesse James,PIT,1,4,1,5,0,0.5,0.5,2016,11
42,Tyler Higbee,LAR,1,3,2,4,0,0.4,0.4,2016,11
43,Jerell Adams,NYG,1,1,0,0,0,0.0,0.0,2016,11
44,Dwayne Allen,IND,1,2,0,0,0,0.0,0.0,2016,11
45,Vernon Davis,WAS,1,1,0,0,0,0.0,0.0,2016,11
46,Ed Dickson,CAR,1,1,0,0,0,0.0,0.0,2016,11
47,Ladarius Green,PIT,1,2,0,0,0,0.0,0.0,2016,11
48,Josh Hill,NO,1,2,0,0,0,0.0,0.0,2016,11
49,David Johnson,PIT,1,0,0,0,0,0.0,0.0,2016,11
50,Ben Koyack,JAC,1,1,0,0,0,0.0,0.0,2016,11
1,Jordan Reed,WAS,1,12,10,95,2,21.5,21.5,2016,12
2,Tyler Eifert,CIN,1,11,5,68,1,12.8,12.8,2016,12
3,Dion Sims,MIA,1,4,4,53,1,11.3,11.3,2016,12
4,Lance Kendricks,LAR,1,7,4,51,1,11.1,11.1,2016,12
5,Delanie Walker,TEN,1,4,3,50,1,11.0,11.0,2016,12
6,Clive Walford,OAK,1,4,3,43,1,10.3,10.3,2016,12
7,Travis Kelce,KC,1,15,8,101,0,10.1,10.1,2016,12
8,Jermaine Gresham,ARI,1,10,5,35,1,9.5,9.5,2016,12
9,Daniel Brown,CHI,1,4,3,24,1,8.4,8.4,2016,12
10,Hunter Henry,SD,1,3,2,20,1,8.0,8.0,2016,12
11,Garrett Celek,SF,1,3,2,19,1,7.9,7.9,2016,12
12,Josh Hill,NO,1,6,6,74,0,7.4,7.4,2016,12
13,Vernon Davis,WAS,1,7,5,68,0,6.8,6.8,2016,12
14,Jimmy Graham,SEA,1,7,6,67,0,6.7,6.7,2016,12
15,Ladarius Green,PIT,1,3,2,67,0,6.7,6.7,2016,12
16,Kyle Rudolph,MIN,1,10,9,64,0,6.4,6.4,2016,12
17,Vance McDonald,SF,1,8,4,60,0,6.0,6.0,2016,12
18,Coby Fleener,NO,1,4,4,59,0,5.9,5.9,2016,12
19,Dwayne Allen,IND,1,6,5,49,0,4.9,4.9,2016,12
20,Cameron Brate,TB,1,5,4,49,0,4.9,4.9,2016,12
21,Greg Olsen,CAR,1,5,4,45,0,4.5,4.5,2016,12
22,A.J. Derby,DEN,1,4,4,43,0,4.3,4.3,2016,12
23,C.J. Fiedorowicz,HOU,1,6,4,42,0,4.2,4.2,2016,12
24,Seth Devalve,CLE,1,4,3,39,0,3.9,3.9,2016,12
25,Zach Ertz,PHI,1,6,3,36,0,3.6,3.6,2016,12
26,Ryan Griffin,HOU,1,5,4,36,0,3.6,3.6,2016,12
27,Erik Swoope,IND,1,2,1,35,0,3.5,3.5,2016,12
28,Dennis Pitta,BAL,1,5,3,34,0,3.4,3.4,2016,12
29,Jason Witten,DAL,1,3,3,33,0,3.3,3.3,2016,12
30,Martellus Bennett,NE,1,5,3,22,0,2.6,2.6,2016,12
31,Jack Doyle,IND,1,2,2,25,0,2.5,2.5,2016,12
32,Ben Koyack,JAC,1,2,2,23,0,2.3,2.3,2016,12
33,Rhett Ellison,MIN,1,2,1,21,0,2.1,2.1,2016,12
34,Levine Toilolo,ATL,1,1,1,18,0,1.8,1.8,2016,12
35,Charles Clay,BUF,1,4,2,17,0,1.7,1.7,2016,12
36,Neal Sterling,JAC,1,3,2,16,0,1.6,1.6,2016,12
37,Brandon Bostick,NYJ,1,2,2,14,0,1.4,1.4,2016,12
38,Ben Braunecker,CHI,1,2,1,14,0,1.4,1.4,2016,12
39,Darren Waller,BAL,1,2,2,14,0,1.4,1.4,2016,12
40,Mychal Rivera,OAK,1,2,2,13,0,1.3,1.3,2016,12
41,MarQueis Gray,MIA,1,2,2,12,0,1.2,1.2,2016,12
42,Will Tye,NYG,1,2,2,12,0,1.2,1.2,2016,12
43,Gary Barnidge,CLE,1,3,1,11,0,1.1,1.1,2016,12
44,Luke Willson,SEA,1,1,1,11,0,1.1,1.1,2016,12
45,Trey Burton,PHI,1,4,3,10,0,1.0,1.0,2016,12
46,Alan Cross,TB,1,1,1,10,0,1.0,1.0,2016,12
47,Austin Seferian-Jenkins,NYJ,1,2,1,9,0,0.9,0.9,2016,12
48,Stephen Anderson,HOU,1,1,1,8,0,0.8,0.8,2016,12
49,Austin Hooper,ATL,1,2,2,8,0,0.8,0.8,2016,12
50,Jared Cook,GB,1,2,1,7,0,0.7,0.7,2016,12
1,Dwayne Allen,IND,1,4,4,72,3,25.2,25.2,2016,13
2,Dennis Pitta,BAL,1,11,9,90,2,21.0,21.0,2016,13
3,Ladarius Green,PIT,1,11,6,110,1,17.0,17.0,2016,13
4,Cameron Brate,TB,1,9,6,86,1,14.6,14.6,2016,13
5,Travis Kelce,KC,1,8,8,140,0,14.0,14.0,2016,13
6,Zach Ertz,PHI,1,15,9,79,1,13.9,13.9,2016,13
7,Jimmy Graham,SEA,1,9,6,63,1,12.3,12.3,2016,13
8,Ryan Griffin,HOU,1,6,4,35,1,9.5,9.5,2016,13
9,Coby Fleener,NO,1,7,5,86,0,8.6,8.6,2016,13
10,Tyler Eifert,CIN,1,2,2,25,1,8.5,8.5,2016,13
11,Mychal Rivera,OAK,1,5,3,57,0,5.7,5.7,2016,13
12,Trey Burton,PHI,1,9,5,53,0,5.3,5.3,2016,13
13,Jermaine Gresham,ARI,1,6,5,52,0,5.2,5.2,2016,13
14,Vernon Davis,WAS,1,6,5,47,0,4.7,4.7,2016,13
15,Kyle Rudolph,MIN,1,12,6,45,0,4.5,4.5,2016,13
16,C.J. Fiedorowicz,HOU,1,9,6,44,0,4.4,4.4,2016,13
17,Neal Sterling,JAC,1,6,5,43,0,4.3,4.3,2016,13
18,Levine Toilolo,ATL,1,1,1,42,0,4.2,4.2,2016,13
19,Dion Sims,MIA,1,4,3,39,0,3.9,3.9,2016,13
20,Eric Ebron,DET,1,6,4,38,0,3.8,3.8,2016,13
21,Antonio Gates,SD,1,4,4,37,0,3.7,3.7,2016,13
22,Jesse James,PIT,1,4,3,32,0,3.2,3.2,2016,13
23,Jack Doyle,IND,1,4,4,30,0,3.0,3.0,2016,13
24,Greg Olsen,CAR,1,7,3,30,0,3.0,3.0,2016,13
25,Austin Seferian-Jenkins,NYJ,1,5,2,29,0,2.9,2.9,2016,13
26,Nick Vannett,SEA,1,2,2,25,0,2.5,2.5,2016,13
27,Nick Boyle,BAL,1,2,2,24,0,2.4,2.4,2016,13
28,Will Tye,NYG,1,4,2,22,0,2.2,2.2,2016,13
29,Jared Cook,GB,1,4,3,19,0,1.9,1.9,2016,13
30,Clive Walford,OAK,1,3,1,18,0,1.8,1.8,2016,13
31,Tyler Higbee,LAR,1,4,2,16,0,1.6,1.6,2016,13
32,Richard Rodgers,GB,1,2,2,16,0,1.6,1.6,2016,13
33,Erik Swoope,IND,1,3,2,15,0,1.5,1.5,2016,13
34,Darren Waller,BAL,1,2,1,15,0,1.5,1.5,2016,13
35,Gerald Christian,BUF,1,2,1,14,0,1.4,1.4,2016,13
36,Hunter Henry,SD,1,1,1,14,0,1.4,1.4,2016,13
37,Daniel Brown,CHI,1,2,2,13,0,1.3,1.3,2016,13
38,Lance Kendricks,LAR,1,5,2,13,0,1.3,1.3,2016,13
39,Brandon Bostick,NYJ,1,1,1,12,0,1.2,1.2,2016,13
40,Jerell Adams,NYG,1,3,1,10,0,1.0,1.0,2016,13
41,Darren Fells,ARI,1,1,1,9,0,0.9,0.9,2016,13
42,Vance McDonald,SF,1,4,2,9,0,0.9,0.9,2016,13
43,Alan Cross,TB,1,2,1,8,0,0.8,0.8,2016,13
44,Nick O'Leary,BUF,1,3,1,8,0,0.8,0.8,2016,13
45,Dominique Jones,MIA,1,1,1,7,0,0.7,0.7,2016,13
46,Derek Carrier,WAS,1,1,1,6,0,0.6,0.6,2016,13
47,Rhett Ellison,MIN,1,1,1,6,0,0.6,0.6,2016,13
48,Demetrius Harris,KC,1,1,1,6,0,0.6,0.6,2016,13
49,Martellus Bennett,NE,1,4,2,4,0,0.4,0.4,2016,13
50,Ben Koyack,JAC,1,3,1,4,0,0.4,0.4,2016,13
1,Tyler Eifert,CIN,1,6,5,48,2,16.8,16.8,2016,14
2,Martellus Bennett,NE,1,4,4,70,1,13.0,13.0,2016,14
3,Kyle Rudolph,MIN,1,8,4,60,1,12.0,12.0,2016,14
4,Charles Clay,BUF,1,6,3,52,1,11.2,11.2,2016,14
5,Zach Ertz,PHI,1,13,10,112,0,11.2,11.2,2016,14
6,Travis Kelce,KC,1,8,5,101,0,10.1,10.1,2016,14
7,Greg Olsen,CAR,1,7,4,87,0,8.7,8.7,2016,14
8,Hunter Henry,SD,1,5,2,13,1,7.3,7.3,2016,14
9,Dion Sims,MIA,1,2,2,9,1,6.9,6.9,2016,14
10,Trey Burton,PHI,1,10,7,65,0,6.5,6.5,2016,14
11,Darren Waller,BAL,1,3,1,3,1,6.3,6.3,2016,14
12,Antonio Gates,SD,1,9,5,61,0,6.1,6.1,2016,14
13,A.J. Derby,DEN,1,5,5,57,0,5.7,5.7,2016,14
14,Jack Doyle,IND,1,6,5,55,0,5.5,5.5,2016,14
15,Cameron Brate,TB,1,5,4,47,0,4.7,4.7,2016,14
16,Jermaine Gresham,ARI,1,7,5,45,0,4.5,4.5,2016,14
17,Daniel Brown,CHI,1,6,6,42,0,4.2,4.2,2016,14
18,Delanie Walker,TEN,1,7,2,30,0,3.8,3.8,2016,14
19,Austin Seferian-Jenkins,NYJ,1,3,3,35,0,3.5,3.5,2016,14
20,Eric Ebron,DET,1,5,4,32,0,3.2,3.2,2016,14
21,C.J. Fiedorowicz,HOU,1,7,3,32,0,3.2,3.2,2016,14
22,Blake Bell,SF,1,2,1,30,0,3.0,3.0,2016,14
23,Gary Barnidge,CLE,1,5,3,27,0,2.7,2.7,2016,14
24,Neal Sterling,JAC,1,5,3,27,0,2.7,2.7,2016,14
25,Mychal Rivera,OAK,1,5,3,26,0,2.6,2.6,2016,14
26,Jason Witten,DAL,1,7,4,26,0,2.6,2.6,2016,14
27,Ladarius Green,PIT,1,6,2,25,0,2.5,2.5,2016,14
28,Ryan Griffin,HOU,1,2,2,23,0,2.3,2.3,2016,14
29,Clive Walford,OAK,1,3,2,21,0,2.1,2.1,2016,14
30,Ben Koyack,JAC,1,2,2,19,0,1.9,1.9,2016,14
31,Levine Toilolo,ATL,1,1,1,19,0,1.9,1.9,2016,14
32,Will Tye,NYG,1,2,2,19,0,1.9,1.9,2016,14
33,Dennis Pitta,BAL,1,5,4,18,0,1.8,1.8,2016,14
34,Brandon Bostick,NYJ,1,2,2,17,0,1.7,1.7,2016,14
35,Anthony Fasano,TEN,1,2,1,17,0,1.7,1.7,2016,14
36,Jimmy Graham,SEA,1,4,1,16,0,1.6,1.6,2016,14
37,Nick Boyle,BAL,1,3,3,15,0,1.5,1.5,2016,14
38,Jared Cook,GB,1,2,1,15,0,1.5,1.5,2016,14
39,David Johnson,PIT,1,1,1,15,0,1.5,1.5,2016,14
40,Lance Kendricks,LAR,1,3,1,13,0,1.3,1.3,2016,14
41,Darren Fells,ARI,1,3,1,12,0,1.2,1.2,2016,14
42,Nick O'Leary,BUF,1,1,1,12,0,1.2,1.2,2016,14
43,Jerell Adams,NYG,1,2,2,11,0,1.1,1.1,2016,14
44,Seth Devalve,CLE,1,2,1,11,0,1.1,1.1,2016,14
45,Luke Willson,SEA,1,1,1,11,0,1.1,1.1,2016,14
46,Jordan Reed,WAS,1,1,1,10,0,1.0,1.0,2016,14
47,Brandon Myers,TB,1,1,1,9,0,0.9,0.9,2016,14
48,Tyler Higbee,LAR,1,4,1,8,0,0.8,0.8,2016,14
49,John Phillips,NO,1,1,1,8,0,0.8,0.8,2016,14
50,Richard Rodgers,GB,1,2,1,8,0,0.8,0.8,2016,14
1,Dion Sims,MIA,1,4,4,31,2,15.1,15.1,2016,15
2,Cameron Brate,TB,1,8,5,73,1,13.3,13.3,2016,15
3,Charles Clay,BUF,1,7,7,72,1,13.2,13.2,2016,15
4,Erik Swoope,IND,1,3,3,50,1,11.0,11.0,2016,15
5,Hunter Henry,SD,1,4,3,37,1,9.7,9.7,2016,15
6,Kyle Rudolph,MIN,1,10,8,97,0,9.7,9.7,2016,15
7,Jared Cook,GB,1,8,6,85,0,8.5,8.5,2016,15
8,Ryan Griffin,HOU,1,8,8,85,0,8.5,8.5,2016,15
9,Greg Olsen,CAR,1,9,6,85,0,8.5,8.5,2016,15
10,Garrett Celek,SF,1,6,2,22,1,8.2,8.2,2016,15
11,Zach Ertz,PHI,1,8,6,80,0,8.0,8.0,2016,15
12,Luke Willson,SEA,1,3,3,19,1,7.9,7.9,2016,15
13,Ladarius Green,PIT,1,8,5,72,0,7.2,7.2,2016,15
14,Austin Hooper,ATL,1,1,1,9,1,6.9,6.9,2016,15
15,Delanie Walker,TEN,1,7,6,55,0,5.5,5.5,2016,15
16,Jason Witten,DAL,1,10,10,51,0,5.1,5.1,2016,15
17,Blake Bell,SF,1,1,1,45,0,4.5,4.5,2016,15
18,Jermaine Gresham,ARI,1,5,3,42,0,4.2,4.2,2016,15
19,Travis Kelce,KC,1,5,3,41,0,4.1,4.1,2016,15
20,Jeff Heuerman,DEN,1,4,2,40,0,4.0,4.0,2016,15
21,Eric Ebron,DET,1,7,4,36,0,3.6,3.6,2016,15
22,Gary Barnidge,CLE,1,3,2,35,0,3.5,3.5,2016,15
23,Martellus Bennett,NE,1,4,2,35,0,3.5,3.5,2016,15
24,A.J. Derby,DEN,1,6,4,35,0,3.5,3.5,2016,15
25,Jack Doyle,IND,1,4,4,32,0,3.2,3.2,2016,15
26,Jimmy Graham,SEA,1,2,1,31,0,3.1,3.1,2016,15
27,Levine Toilolo,ATL,1,1,1,30,0,3.0,3.0,2016,15
28,Ed Dickson,CAR,1,1,1,28,0,2.8,2.8,2016,15
29,MarQueis Gray,MIA,1,3,3,28,0,2.8,2.8,2016,15
30,Will Tye,NYG,1,4,4,25,0,2.5,2.5,2016,15
31,Vernon Davis,WAS,1,9,4,23,0,2.3,2.3,2016,15
32,Jerell Adams,NYG,1,4,3,18,0,1.8,1.8,2016,15
33,Dennis Pitta,BAL,1,2,2,16,0,1.6,1.6,2016,15
34,Tyler Higbee,LAR,1,1,1,15,0,1.5,1.5,2016,15
35,Mychal Rivera,OAK,1,2,1,15,0,1.5,1.5,2016,15
36,Neal Sterling,JAC,1,1,1,14,0,1.4,1.4,2016,15
37,Dwayne Allen,IND,1,2,1,13,0,1.3,1.3,2016,15
38,Darren Fells,ARI,1,1,1,13,0,1.3,1.3,2016,15
39,Je'Ron Hamm,SF,1,4,2,13,0,1.3,1.3,2016,15
40,Clive Walford,OAK,1,3,1,13,0,1.3,1.3,2016,15
41,David Johnson,PIT,1,1,1,12,0,1.2,1.2,2016,15
42,Antonio Gates,SD,1,2,1,11,0,1.1,1.1,2016,15
43,Darren Waller,BAL,1,2,1,11,0,1.1,1.1,2016,15
44,Coby Fleener,NO,1,3,2,10,0,1.0,1.0,2016,15
45,Richard Rodgers,GB,1,1,1,10,0,1.0,1.0,2016,15
46,Tyler Eifert,CIN,1,3,1,9,0,0.9,0.9,2016,15
47,Virgil Green,DEN,1,2,1,9,0,0.9,0.9,2016,15
48,John Phillips,NO,1,1,1,9,0,0.9,0.9,2016,15
49,Daniel Brown,CHI,1,2,1,8,0,0.8,0.8,2016,15
50,Joshua Perkins,ATL,1,1,1,8,0,0.8,0.8,2016,15
1,Travis Kelce,KC,1,12,11,160,1,22.0,22.0,2016,16
2,Charles Clay,BUF,1,10,8,85,2,20.5,20.5,2016,16
3,Antonio Gates,SD,1,13,8,94,1,15.4,15.4,2016,16
4,Jimmy Graham,SEA,1,3,2,43,1,10.3,10.3,2016,16
5,Demetrius Harris,KC,1,9,6,37,1,9.7,9.7,2016,16
6,Joshua Perkins,ATL,1,3,2,34,1,9.4,9.4,2016,16
7,Eric Ebron,DET,1,12,8,93,0,9.3,9.3,2016,16
8,Jason Witten,DAL,1,4,2,33,1,9.3,9.3,2016,16
9,Delanie Walker,TEN,1,8,3,23,1,8.3,8.3,2016,16
10,Xavier Grimble,PIT,1,2,1,20,1,8.0,8.0,2016,16
11,Richard Rodgers,GB,1,2,2,20,1,8.0,8.0,2016,16
12,Clive Walford,OAK,1,2,2,20,1,8.0,8.0,2016,16
13,Martellus Bennett,NE,1,2,2,19,1,7.9,7.9,2016,16
14,Matt Lengel,NE,1,1,1,18,1,7.8,7.8,2016,16
15,Dennis Pitta,BAL,1,11,8,75,0,7.5,7.5,2016,16
16,Cameron Brate,TB,1,2,1,12,1,7.2,7.2,2016,16
17,Tyler Higbee,LAR,1,2,2,5,1,6.5,6.5,2016,16
18,D.J. Tialavea,ATL,1,1,1,1,1,6.1,6.1,2016,16
19,Greg Olsen,CAR,1,12,6,59,0,5.9,5.9,2016,16
20,Kyle Rudolph,MIN,1,9,6,53,0,5.3,5.3,2016,16
21,Jesse James,PIT,1,5,4,49,0,4.9,4.9,2016,16
22,Jack Doyle,IND,1,7,5,46,0,4.6,4.6,2016,16
23,Erik Swoope,IND,1,1,1,45,0,4.5,4.5,2016,16
24,Gary Barnidge,CLE,1,6,5,42,0,4.2,4.2,2016,16
25,C.J. Fiedorowicz,HOU,1,7,4,42,0,4.2,4.2,2016,16
26,Jermaine Gresham,ARI,1,4,2,40,0,4.0,4.0,2016,16
27,Garrett Celek,SF,1,7,4,39,0,3.9,3.9,2016,16
28,Jared Cook,GB,1,5,3,37,0,3.7,3.7,2016,16
29,Lance Kendricks,LAR,1,4,3,36,0,3.6,3.6,2016,16
30,Zach Ertz,PHI,1,2,2,33,0,3.3,3.3,2016,16
31,Jeff Heuerman,DEN,1,6,3,32,0,3.2,3.2,2016,16
32,Dwayne Allen,IND,1,4,3,31,0,3.1,3.1,2016,16
33,Coby Fleener,NO,1,3,2,30,0,3.0,3.0,2016,16
34,C.J. Uzomah,CIN,1,6,5,28,0,2.8,2.8,2016,16
35,Brent Celek,PHI,1,3,3,27,0,2.7,2.7,2016,16
36,Will Tye,NYG,1,8,5,23,0,2.3,2.3,2016,16
37,Seth Devalve,CLE,1,1,1,21,0,2.1,2.1,2016,16
38,Brandon Myers,TB,1,6,2,21,0,2.1,2.1,2016,16
39,MarQueis Gray,MIA,1,1,1,20,0,2.0,2.0,2016,16
40,Ben Braunecker,CHI,1,3,2,19,0,1.9,1.9,2016,16
41,Daniel Brown,CHI,1,4,2,19,0,1.9,1.9,2016,16
42,Austin Seferian-Jenkins,NYJ,1,2,1,17,0,1.7,1.7,2016,16
43,John Phillips,NO,1,2,2,15,0,1.5,1.5,2016,16
44,Vernon Davis,WAS,1,2,1,13,0,1.3,1.3,2016,16
45,Henry Krieger-Coble,DEN,1,1,1,13,0,1.3,1.3,2016,16
46,Anthony Fasano,TEN,1,1,1,12,0,1.2,1.2,2016,16
47,Ben Koyack,JAC,1,2,2,12,0,1.2,1.2,2016,16
48,Darren Waller,BAL,1,2,1,11,0,1.1,1.1,2016,16
49,Alex Ellis,JAC,1,2,2,10,0,1.0,1.0,2016,16
50,Chris Manhertz,CAR,1,1,1,10,0,1.0,1.0,2016,16
1,Zach Ertz,PHI,1,16,13,139,2,25.9,25.9,2016,17
2,Kyle Rudolph,MIN,1,15,11,117,1,17.7,17.7,2016,17
3,Antonio Gates,SD,1,8,5,55,1,11.5,11.5,2016,17
4,Hunter Henry,SD,1,5,4,43,1,10.3,10.3,2016,17
5,Gary Barnidge,CLE,1,5,5,40,1,10.0,10.0,2016,17
6,Jordan Reed,WAS,1,6,5,40,1,10.0,10.0,2016,17
7,Darren Fells,ARI,1,2,1,37,1,9.7,9.7,2016,17
8,Dwayne Allen,IND,1,3,3,34,1,9.4,9.4,2016,17
9,Martellus Bennett,NE,1,5,3,33,1,9.3,9.3,2016,17
10,Dennis Pitta,BAL,1,16,11,91,0,9.1,9.1,2016,17
11,Luke Willson,SEA,1,3,3,26,1,8.6,8.6,2016,17
12,Ben Koyack,JAC,1,4,3,25,1,8.5,8.5,2016,17
13,Virgil Green,DEN,1,4,3,17,1,7.7,7.7,2016,17
14,C.J. Uzomah,CIN,1,3,3,13,1,7.3,7.3,2016,17
15,Seth Devalve,CLE,1,1,1,12,1,7.2,7.2,2016,17
16,C.J. Fiedorowicz,HOU,1,7,2,12,1,7.2,7.2,2016,17
17,Jack Doyle,IND,1,5,2,10,1,7.0,7.0,2016,17
18,Garrett Celek,SF,1,1,1,9,1,6.9,6.9,2016,17
19,Jimmy Graham,SEA,1,7,4,64,0,6.4,6.4,2016,17
20,Eric Ebron,DET,1,6,6,61,0,6.1,6.1,2016,17
21,Jared Cook,GB,1,8,4,56,0,5.6,5.6,2016,17
22,Vernon Davis,WAS,1,3,2,49,0,4.9,4.9,2016,17
23,Will Tye,NYG,1,5,4,47,0,4.7,4.7,2016,17
24,Trey Burton,PHI,1,6,5,39,0,3.9,3.9,2016,17
25,Coby Fleener,NO,1,8,3,38,0,3.8,3.8,2016,17
26,Delanie Walker,TEN,1,8,5,35,0,3.5,3.5,2016,17
27,Greg Olsen,CAR,1,4,3,22,0,2.2,2.2,2016,17
28,Erik Swoope,IND,1,1,1,22,0,2.2,2.2,2016,17
29,Jeff Heuerman,DEN,1,4,2,21,0,2.1,2.1,2016,17
30,Charles Clay,BUF,1,7,3,20,0,2.0,2.0,2016,17
31,Brandon Williams,SEA,1,1,1,20,0,2.0,2.0,2016,17
32,Daniel Brown,CHI,1,2,2,18,0,1.8,1.8,2016,17
33,Levine Toilolo,ATL,1,3,1,18,0,1.8,1.8,2016,17
34,Clive Walford,OAK,1,3,1,17,0,1.7,1.7,2016,17
35,Jesse James,PIT,1,3,2,16,0,1.6,1.6,2016,17
36,Richard Rodgers,GB,1,1,1,14,0,1.4,1.4,2016,17
37,Lance Kendricks,LAR,1,3,2,12,0,1.2,1.2,2016,17
38,Ryan Griffin,HOU,1,4,2,10,0,1.0,1.0,2016,17
39,Jason Witten,DAL,1,1,1,10,0,1.0,1.0,2016,17
40,Brent Celek,PHI,1,2,1,9,0,0.9,0.9,2016,17
41,Mychal Rivera,OAK,1,3,2,9,0,0.9,0.9,2016,17
42,Travis Kelce,KC,1,2,1,8,0,0.8,0.8,2016,17
43,Brandon Bostick,NYJ,1,1,1,7,0,0.7,0.7,2016,17
44,Gavin Escobar,DAL,1,3,1,7,0,0.7,0.7,2016,17
45,MyCole Pruitt,CHI,1,1,1,6,0,0.6,0.6,2016,17
46,Matt Lengel,NE,1,2,1,4,0,0.4,0.4,2016,17
47,Luke Stocker,TB,1,1,1,1,0,0.1,0.1,2016,17
48,Stephen Anderson,HOU,1,1,0,0,0,0.0,0.0,2016,17
49,Alan Cross,TB,1,1,0,0,0,0.0,0.0,2016,17
50,Ed Dickson,CAR,1,1,0,0,0,0.0,0.0,2016,17
1,Austin Hooper,ATL,1,2,2,128,1,18.8,18.8,2017,1
2,Jesse James,PIT,1,8,6,41,2,16.1,16.1,2017,1
3,Jason Witten,DAL,1,9,7,59,1,11.9,11.9,2017,1
4,Coby Fleener,NO,1,6,5,54,1,11.4,11.4,2017,1
5,Charles Clay,BUF,1,9,4,53,1,11.3,11.3,2017,1
6,Zach Ertz,PHI,1,8,8,93,0,9.3,9.3,2017,1
7,Kyle Rudolph,MIN,1,3,3,26,1,8.6,8.6,2017,1
8,Delanie Walker,TEN,1,9,7,76,0,7.6,7.6,2017,1
9,Demetrius Harris,KC,1,2,2,15,1,7.5,7.5,2017,1
10,Jared Cook,OAK,1,5,5,56,0,5.6,5.6,2017,1
11,C.J. Fiedorowicz,HOU,1,4,4,46,0,4.6,4.6,2017,1
12,Evan Engram,NYG,1,5,4,44,0,4.4,4.4,2017,1
13,Virgil Green,DEN,1,1,1,44,0,4.4,4.4,2017,1
14,Travis Kelce,KC,1,7,5,40,0,4.4,4.4,2017,1
15,Martellus Bennett,GB,1,6,3,43,0,4.3,4.3,2017,1
16,Seth Devalve,CLE,1,5,4,42,0,4.2,4.2,2017,1
17,Jack Doyle,IND,1,3,2,41,0,4.1,4.1,2017,1
18,Gerald Everett,LAR,1,1,1,39,0,3.9,3.9,2017,1
19,Zach Miller,CHI,1,6,4,39,0,3.9,3.9,2017,1
20,Jordan Reed,WAS,1,8,5,36,0,3.6,3.6,2017,1
21,A.J. Derby,DEN,1,3,3,34,0,3.4,3.4,2017,1
22,Will Tye,NYJ,1,3,3,34,0,3.4,3.4,2017,1
23,Rob Gronkowski,NE,1,6,2,33,0,3.3,3.3,2017,1
24,Dion Sims,CHI,1,3,2,31,0,3.1,3.1,2017,1
25,George Kittle,SF,1,6,5,27,0,2.7,2.7,2017,1
26,Eric Tomlinson,NYJ,1,2,2,25,0,2.5,2.5,2017,1
27,Nick O'Leary,BUF,1,2,1,22,0,2.2,2.2,2017,1
28,Jeff Heuerman,DEN,1,2,1,20,0,2.0,2.0,2017,1
29,David Njoku,CLE,1,2,2,20,0,2.0,2.0,2017,1
30,Lance Kendricks,GB,1,4,2,18,0,1.8,1.8,2017,1
31,James O'Shaughnessy,JAC,1,1,1,18,0,1.8,1.8,2017,1
32,Greg Olsen,CAR,1,4,2,18,0,1.8,1.8,2017,1
33,Antonio Gates,LAC,1,3,2,17,0,1.7,1.7,2017,1
34,Tyler Higbee,LAR,1,3,2,17,0,1.7,1.7,2017,1
35,Jermaine Gresham,ARI,1,4,3,15,0,1.5,1.5,2017,1
36,Stephen Anderson,HOU,1,5,2,14,0,1.4,1.4,2017,1
37,Nick Boyle,BAL,1,1,1,14,0,1.4,1.4,2017,1
38,Derek Carrier,LAR,1,2,1,12,0,1.2,1.2,2017,1
39,Brent Celek,PHI,1,2,1,11,0,1.1,1.1,2017,1
40,Nick Vannett,SEA,1,1,1,10,0,1.0,1.0,2017,1
41,Eric Ebron,DET,1,3,2,9,0,0.9,0.9,2017,1
42,Rhett Ellison,NYG,1,1,1,9,0,0.9,0.9,2017,1
43,Jimmy Graham,SEA,1,7,3,8,0,0.8,0.8,2017,1
44,Tyler Kroft,CIN,1,1,1,5,0,0.5,0.5,2017,1
45,Maxx Williams,BAL,1,1,1,5,0,0.5,0.5,2017,1
46,Tyler Eifert,CIN,1,1,1,4,0,0.4,0.4,2017,1
47,Dwayne Allen,NE,1,2,0,0,0,0.0,0.0,2017,1
48,Vernon Davis,WAS,1,1,0,0,0,0.0,0.0,2017,1
49,Ed Dickson,CAR,1,1,0,0,0,0.0,0.0,2017,1
50,Ryan Griffin,HOU,1,1,0,0,0,0.0,0.0,2017,1
1,Rob Gronkowski,NE,1,9,6,116,1,17.6,17.6,2017,2
2,Travis Kelce,KC,1,10,8,103,1,16.3,16.3,2017,2
3,Jason Witten,DAL,1,13,10,97,1,15.7,15.7,2017,2
4,Delanie Walker,TEN,1,4,4,61,0,12.2,12.2,2017,2
5,Evan Engram,NYG,1,7,4,49,1,10.9,10.9,2017,2
6,Eric Ebron,DET,1,5,5,42,1,10.2,10.2,2017,2
7,Zach Ertz,PHI,1,10,5,97,0,9.7,9.7,2017,2
8,Gerald Everett,LAR,1,3,3,95,0,9.5,9.5,2017,2
9,Coby Fleener,NO,1,4,3,33,1,9.3,9.3,2017,2
10,Ben Watson,BAL,1,8,8,91,0,9.1,9.1,2017,2
11,Jonnu Smith,TEN,1,3,2,30,1,9.0,9.0,2017,2
12,David Njoku,CLE,1,4,3,27,1,8.7,8.7,2017,2
13,Hunter Henry,LAC,1,7,7,80,0,8.0,8.0,2017,2
14,Jack Doyle,IND,1,8,8,79,0,7.9,7.9,2017,2
15,Antonio Gates,LAC,1,4,2,11,1,7.1,7.1,2017,2
16,Virgil Green,DEN,1,3,2,11,1,7.1,7.1,2017,2
17,Seth Devalve,CLE,1,4,2,61,0,6.1,6.1,2017,2
18,Jordan Reed,WAS,1,6,6,48,0,4.8,4.8,2017,2
19,Martellus Bennett,GB,1,11,5,47,0,4.7,4.7,2017,2
20,Ifeanyi Momah,ARI,1,2,1,46,0,4.6,4.6,2017,2
21,Kyle Rudolph,MIN,1,6,4,45,0,4.5,4.5,2017,2
22,Tyler Eifert,CIN,1,4,3,42,0,4.2,4.2,2017,2
23,Zach Miller,CHI,1,9,6,42,0,4.2,4.2,2017,2
24,Jerell Adams,NYG,1,1,1,38,0,3.8,3.8,2017,2
25,Josh Hill,NO,1,3,3,29,0,2.9,2.9,2017,2
26,Jesse James,PIT,1,5,4,27,0,2.7,2.7,2017,2
27,Ed Dickson,CAR,1,3,2,26,0,2.6,2.6,2017,2
28,Julius Thomas,MIA,1,3,3,26,0,2.6,2.6,2017,2
29,Jared Cook,OAK,1,6,4,25,0,2.5,2.5,2017,2
30,Luke Willson,SEA,1,3,3,25,0,2.5,2.5,2017,2
31,Cameron Brate,TB,1,3,2,24,0,2.4,2.4,2017,2
32,Charles Clay,BUF,1,3,3,23,0,2.3,2.3,2017,2
33,Maxx Williams,BAL,1,4,4,21,0,2.3,2.3,2017,2
34,Richard Rodgers,GB,1,4,2,22,0,2.2,2.2,2017,2
35,Rhett Ellison,NYG,1,2,2,21,0,2.1,2.1,2017,2
36,Randall Telfer,CLE,1,1,1,20,0,2.0,2.0,2017,2
37,Brandon Williams,IND,1,1,1,20,0,2.0,2.0,2017,2
38,O.J. Howard,TB,1,3,1,17,0,1.7,1.7,2017,2
39,Troy Niklas,ARI,1,1,1,16,0,1.6,1.6,2017,2
40,Jeff Heuerman,DEN,1,1,1,15,0,1.5,1.5,2017,2
41,Vernon Davis,WAS,1,1,1,13,0,1.3,1.3,2017,2
42,George Kittle,SF,1,2,2,13,0,1.3,1.3,2017,2
43,Trey Burton,PHI,1,1,1,10,0,1.0,1.0,2017,2
44,Sean McGrath,LAC,1,1,1,10,0,1.0,1.0,2017,2
45,Greg Olsen,CAR,1,2,1,10,0,1.0,1.0,2017,2
46,Nick Boyle,BAL,1,1,1,9,0,0.9,0.9,2017,2
47,Derek Carrier,LAR,1,1,1,9,0,0.9,0.9,2017,2
48,Lee Smith,OAK,1,1,1,9,0,0.9,0.9,2017,2
49,Michael Hoomanawanui,NO,1,1,1,8,0,0.8,0.8,2017,2
50,Neal Sterling,NYJ,1,1,1,8,0,0.8,0.8,2017,2
1,Marcedes Lewis,JAC,1,5,4,62,3,24.2,24.2,2017,3
2,Rob Gronkowski,NE,1,10,8,89,1,14.9,14.9,2017,3
3,Ryan Griffin,HOU,1,6,5,61,1,12.1,12.1,2017,3
4,Vernon Davis,WAS,1,5,5,58,1,11.8,11.8,2017,3
5,Zach Ertz,PHI,1,10,8,55,1,11.5,11.5,2017,3
6,Luke Willson,SEA,1,4,3,53,1,11.3,11.3,2017,3
7,Lance Kendricks,GB,1,3,2,52,1,11.2,11.2,2017,3
8,Jared Cook,OAK,1,6,4,43,1,10.3,10.3,2017,3
9,Charles Clay,BUF,1,6,6,39,1,9.9,9.9,2017,3
10,Cameron Brate,TB,1,4,4,33,1,9.3,9.3,2017,3
11,Jonnu Smith,TEN,1,2,1,24,1,8.4,8.4,2017,3
12,Jimmy Graham,SEA,1,11,7,72,0,7.2,7.2,2017,3
13,David Njoku,CLE,1,4,2,12,1,7.2,7.2,2017,3
14,Ben Watson,BAL,1,3,3,12,1,7.2,7.2,2017,3
15,Adam Shaheen,CHI,1,1,1,2,1,6.2,6.2,2017,3
16,Garrett Celek,SF,1,2,1,1,1,6.1,6.1,2017,3
17,Jermaine Gresham,ARI,1,9,5,47,0,4.7,4.7,2017,3
18,Evan Engram,NYG,1,7,5,45,0,4.5,4.5,2017,3
19,Nick O'Leary,BUF,1,1,1,31,0,3.1,3.1,2017,3
20,Austin Seferian-Jenkins,NYJ,1,6,5,31,0,3.1,3.1,2017,3
21,Delanie Walker,TEN,1,6,4,31,0,3.1,3.1,2017,3
22,Antonio Gates,LAC,1,5,2,30,0,3.0,3.0,2017,3
23,Seth Devalve,CLE,1,5,2,29,0,2.9,2.9,2017,3
24,Tyler Kroft,CIN,1,4,3,28,0,2.8,2.8,2017,3
25,Coby Fleener,NO,1,1,1,21,0,2.1,2.1,2017,3
26,Jacob Hollister,NE,1,1,1,19,0,1.9,1.9,2017,3
27,Jesse James,PIT,1,4,2,19,0,1.9,1.9,2017,3
28,Virgil Green,DEN,1,3,3,18,0,1.8,1.8,2017,3
29,Derek Carrier,LAR,1,1,1,17,0,1.7,1.7,2017,3
30,Zach Miller,CHI,1,3,1,17,0,1.7,1.7,2017,3
31,Jack Doyle,IND,1,5,2,16,0,1.6,1.6,2017,3
32,Julius Thomas,MIA,1,5,3,16,0,1.6,1.6,2017,3
33,Stephen Anderson,HOU,1,3,1,14,0,1.4,1.4,2017,3
34,Nick Boyle,BAL,1,2,2,14,0,1.4,1.4,2017,3
35,Martellus Bennett,GB,1,4,3,12,0,1.2,1.2,2017,3
36,O.J. Howard,TB,1,1,1,12,0,1.2,1.2,2017,3
37,James O'Shaughnessy,JAC,1,1,1,12,0,1.2,1.2,2017,3
38,Troy Niklas,ARI,1,1,1,10,0,1.0,1.0,2017,3
39,Eric Ebron,DET,1,7,2,9,0,0.9,0.9,2017,3
40,Austin Hooper,ATL,1,2,1,9,0,0.9,0.9,2017,3
41,Ed Dickson,CAR,1,1,1,8,0,0.8,0.8,2017,3
42,Darren Fells,DET,1,1,1,8,0,0.8,0.8,2017,3
43,George Kittle,SF,1,3,1,8,0,0.8,0.8,2017,3
44,Trey Burton,PHI,1,3,2,7,0,0.7,0.7,2017,3
45,Brandon Williams,IND,1,1,1,7,0,0.7,0.7,2017,3
46,Darrell Daniels,IND,1,1,1,6,0,0.6,0.6,2017,3
47,Alan Cross,TB,1,1,1,5,0,0.5,0.5,2017,3
48,A.J. Derby,DEN,1,2,1,5,0,0.5,0.5,2017,3
49,Tyler Higbee,LAR,1,3,1,4,0,0.4,0.4,2017,3
50,Kyle Rudolph,MIN,1,2,1,4,0,0.4,0.4,2017,3
1,Tyler Kroft,CIN,1,7,6,68,2,18.8,18.8,2017,4
2,Travis Kelce,KC,1,8,7,111,1,17.4,17.4,2017,4
3,Cameron Brate,TB,1,6,4,80,1,14.0,14.0,2017,4
4,A.J. Derby,DEN,1,6,4,75,1,13.5,13.5,2017,4
5,O.J. Howard,TB,1,4,2,63,1,12.3,12.3,2017,4
6,Charles Clay,BUF,1,7,5,112,0,11.2,11.2,2017,4
7,Vernon Davis,WAS,1,3,2,89,0,8.9,8.9,2017,4
8,James Hanna,DAL,1,1,1,28,1,8.8,8.8,2017,4
9,Zach Ertz,PHI,1,8,5,81,0,8.1,8.1,2017,4
10,Rob Gronkowski,NE,1,5,4,80,0,8.0,8.0,2017,4
11,Hunter Henry,LAC,1,3,2,16,1,7.6,7.6,2017,4
12,Rhett Ellison,NYG,1,2,2,11,1,7.1,7.1,2017,4
13,Luke Willson,SEA,1,1,1,6,1,6.6,6.6,2017,4
14,Ed Dickson,CAR,1,4,3,62,0,6.2,6.2,2017,4
15,Evan Engram,NYG,1,11,6,62,0,6.2,6.2,2017,4
16,Jimmy Graham,SEA,1,6,4,61,0,6.1,6.1,2017,4
17,Delanie Walker,TEN,1,7,3,51,0,5.1,5.1,2017,4
18,Austin Hooper,ATL,1,7,5,50,0,5.0,5.0,2017,4
19,Tyler Higbee,LAR,1,6,3,47,0,4.7,4.7,2017,4
20,Jared Cook,OAK,1,8,3,46,0,4.6,4.6,2017,4
21,Austin Seferian-Jenkins,NYJ,1,4,4,46,0,4.6,4.6,2017,4
22,Zach Miller,CHI,1,2,2,45,0,4.5,4.5,2017,4
23,Ben Watson,BAL,1,6,5,43,0,4.3,4.3,2017,4
24,Darren Fells,DET,1,5,4,40,0,4.0,4.0,2017,4
25,Jesse James,PIT,1,3,3,40,0,4.0,4.0,2017,4
26,Martellus Bennett,GB,1,7,6,39,0,3.9,3.9,2017,4
27,Nick Boyle,BAL,1,5,5,36,0,3.6,3.6,2017,4
28,George Kittle,SF,1,3,2,35,0,3.5,3.5,2017,4
29,Kyle Rudolph,MIN,1,4,2,34,0,3.4,3.4,2017,4
30,Brandon Williams,IND,1,2,1,32,0,3.2,3.2,2017,4
31,Julius Thomas,MIA,1,4,2,29,0,2.9,2.9,2017,4
32,Stephen Anderson,HOU,1,2,2,28,0,2.8,2.8,2017,4
33,Jack Doyle,IND,1,7,5,27,0,2.7,2.7,2017,4
34,Eric Ebron,DET,1,4,2,27,0,2.7,2.7,2017,4
35,Coby Fleener,NO,1,4,2,21,0,2.1,2.1,2017,4
36,Jordan Reed,WAS,1,5,3,21,0,2.1,2.1,2017,4
37,Levine Toilolo,ATL,1,3,3,21,0,2.1,2.1,2017,4
38,Antonio Gates,LAC,1,5,3,18,0,1.8,1.8,2017,4
39,Ryan Hewitt,CIN,1,1,1,16,0,1.6,1.6,2017,4
40,Michael Roberts,DET,1,1,1,15,0,1.5,1.5,2017,4
41,Lee Smith,OAK,1,2,2,15,0,1.5,1.5,2017,4
42,Ryan Griffin,HOU,1,5,2,13,0,1.3,1.3,2017,4
43,Michael Hoomanawanui,NO,1,2,1,13,0,1.3,1.3,2017,4
44,Blake Bell,MIN,1,1,1,12,0,1.2,1.2,2017,4
45,Jermaine Gresham,ARI,1,3,2,12,0,1.2,1.2,2017,4
46,David Njoku,CLE,1,2,2,11,0,1.1,1.1,2017,4
47,C.J. Uzomah,CIN,1,1,1,11,0,1.1,1.1,2017,4
48,Jason Witten,DAL,1,2,1,9,0,0.9,0.9,2017,4
49,Gerald Everett,LAR,1,3,1,8,0,0.8,0.8,2017,4
50,Dion Sims,CHI,1,1,1,8,0,0.8,0.8,2017,4
1,Ed Dickson,CAR,1,5,5,175,0,17.5,17.5,2017,5
2,Darren Fells,DET,1,2,2,24,2,14.4,14.4,2017,5
3,George Kittle,SF,1,9,7,83,1,14.3,14.3,2017,5
4,Cameron Brate,TB,1,9,5,68,1,12.8,12.8,2017,5
5,Zach Ertz,PHI,1,12,6,61,1,12.1,12.1,2017,5
6,David Njoku,CLE,1,3,3,48,1,10.9,10.9,2017,5
7,Kyle Rudolph,MIN,1,9,6,45,1,10.5,10.5,2017,5
8,Hunter Henry,LAC,1,8,3,42,1,10.2,10.2,2017,5
9,Zach Miller,CHI,1,7,3,39,1,9.9,9.9,2017,5
10,Tyler Higbee,LAR,1,8,4,98,0,9.8,9.8,2017,5
11,Travis Kelce,KC,1,11,8,98,0,9.8,9.8,2017,5
12,Jimmy Graham,SEA,1,8,6,37,1,9.7,9.7,2017,5
13,Austin Seferian-Jenkins,NYJ,1,8,6,29,1,8.9,8.9,2017,5
14,Trey Burton,PHI,1,2,2,16,1,7.6,7.6,2017,5
15,Phillip Supernaw,TEN,1,2,2,16,1,7.6,7.6,2017,5
16,Stephen Anderson,HOU,1,2,2,63,0,6.3,6.3,2017,5
17,Vince Mayle,BAL,1,0,0,0,0,6.2,6.2,2017,5
18,Jason Witten,DAL,1,10,8,61,0,6.1,6.1,2017,5
19,Nick O'Leary,BUF,1,6,5,54,0,5.4,5.4,2017,5
20,Martellus Bennett,GB,1,3,3,53,0,5.3,5.3,2017,5
21,Tyler Kroft,CIN,1,5,4,38,0,3.8,3.8,2017,5
22,Eric Tomlinson,NYJ,1,1,1,34,0,3.4,3.4,2017,5
23,Charles Clay,BUF,1,3,2,31,0,3.1,3.1,2017,5
24,Ross Travis,KC,1,2,2,26,0,2.6,2.6,2017,5
25,Jared Cook,OAK,1,6,3,25,0,2.5,2.5,2017,5
26,Delanie Walker,TEN,1,5,3,25,0,2.5,2.5,2017,5
27,Seth Devalve,CLE,1,4,3,24,0,2.4,2.4,2017,5
28,Jesse James,PIT,1,5,3,24,0,2.4,2.4,2017,5
29,Lance Kendricks,GB,1,1,1,24,0,2.4,2.4,2017,5
30,Antonio Gates,LAC,1,3,2,23,0,2.3,2.3,2017,5
31,Ryan Griffin,HOU,1,4,2,22,0,2.2,2.2,2017,5
32,Demetrius Harris,KC,1,3,3,21,0,2.1,2.1,2017,5
33,Jonnu Smith,TEN,1,5,5,21,0,2.1,2.1,2017,5
34,C.J. Uzomah,CIN,1,2,1,21,0,2.1,2.1,2017,5
35,Dion Sims,CHI,1,4,1,17,0,1.7,1.7,2017,5
36,Brandon Williams,IND,1,3,3,17,0,1.7,1.7,2017,5
37,Jermaine Gresham,ARI,1,2,2,16,0,1.6,1.6,2017,5
38,Richard Rodgers,GB,1,1,1,16,0,1.6,1.6,2017,5
39,Julius Thomas,MIA,1,4,1,15,0,1.5,1.5,2017,5
40,Marcedes Lewis,JAC,1,2,1,14,0,1.4,1.4,2017,5
41,Darrell Daniels,IND,1,4,1,13,0,1.3,1.3,2017,5
42,Jerell Adams,NYG,1,1,1,11,0,1.1,1.1,2017,5
43,Nick Boyle,BAL,1,2,1,9,0,0.9,0.9,2017,5
44,Rhett Ellison,NYG,1,2,1,9,0,0.9,0.9,2017,5
45,Gerald Everett,LAR,1,3,1,8,0,0.8,0.8,2017,5
46,Garrett Celek,SF,1,1,1,6,0,0.6,0.6,2017,5
47,Eric Ebron,DET,1,4,1,6,0,0.6,0.6,2017,5
48,Brent Celek,PHI,1,1,1,5,0,0.5,0.5,2017,5
49,Logan Thomas,BUF,1,2,1,3,0,0.3,0.3,2017,5
50,Nick Vannett,SEA,1,2,2,3,0,0.3,0.3,2017,5
1,Rob Gronkowski,NE,1,10,6,83,2,20.3,20.3,2017,6
2,Evan Engram,NYG,1,7,5,82,1,14.2,14.2,2017,6
3,Zach Ertz,PHI,1,5,2,18,2,13.8,13.8,2017,6
4,Cameron Brate,TB,1,8,6,76,1,13.6,13.6,2017,6
5,Jack Doyle,IND,1,11,7,50,1,11.0,11.0,2017,6
6,Austin Seferian-Jenkins,NYJ,1,11,8,46,1,10.6,10.6,2017,6
7,Dion Sims,CHI,1,4,2,42,1,10.2,10.2,2017,6
8,Hunter Henry,LAC,1,7,5,90,0,9.0,9.0,2017,6
9,Michael Hoomanawanui,NO,1,3,2,27,1,8.7,8.7,2017,6
10,Darren Fells,DET,1,4,2,26,1,8.6,8.6,2017,6
11,Zach Miller,CHI,1,3,2,25,1,8.5,8.5,2017,6
12,Jeff Heuerman,DEN,1,2,2,24,1,8.4,8.4,2017,6
13,Troy Niklas,ARI,1,2,2,20,1,8.0,8.0,2017,6
14,Seth Devalve,CLE,1,3,2,9,1,6.9,6.9,2017,6
15,Vernon Davis,WAS,1,4,3,65,0,6.5,6.5,2017,6
16,Gerald Everett,LAR,1,3,1,4,1,6.4,6.4,2017,6
17,Ryan Griffin,HOU,1,8,3,52,0,5.2,5.2,2017,6
18,Austin Hooper,ATL,1,9,7,48,0,4.8,4.8,2017,6
19,Kyle Rudolph,MIN,1,9,5,47,0,4.7,4.7,2017,6
20,George Kittle,SF,1,8,4,46,0,4.6,4.6,2017,6
21,Travis Kelce,KC,1,7,4,37,0,3.7,3.7,2017,6
22,Jordan Reed,WAS,1,5,4,37,0,3.7,3.7,2017,6
23,Ed Dickson,CAR,1,8,4,36,0,3.6,3.6,2017,6
24,Jermaine Gresham,ARI,1,2,2,32,0,3.2,3.2,2017,6
25,Ben Watson,BAL,1,8,6,28,0,2.8,2.8,2017,6
26,Vance McDonald,PIT,1,2,1,26,0,2.6,2.6,2017,6
27,Virgil Green,DEN,1,1,1,24,0,2.4,2.4,2017,6
28,Martellus Bennett,GB,1,4,2,22,0,2.2,2.2,2017,6
29,Julius Thomas,MIA,1,5,3,22,0,2.2,2.2,2017,6
30,Ben Koyack,JAC,1,1,1,21,0,2.1,2.1,2017,6
31,Stephen Anderson,HOU,1,2,2,17,0,1.7,1.7,2017,6
32,Antonio Gates,LAC,1,1,1,16,0,1.6,1.6,2017,6
33,Nick Boyle,BAL,1,3,2,15,0,1.5,1.5,2017,6
34,O.J. Howard,TB,1,3,1,15,0,1.5,1.5,2017,6
35,Jared Cook,OAK,1,3,2,14,0,1.4,1.4,2017,6
36,Delanie Walker,TEN,1,8,4,17,0,1.4,1.4,2017,6
37,Garrett Celek,SF,1,2,1,13,0,1.3,1.3,2017,6
38,James O'Shaughnessy,JAC,1,3,2,11,0,1.1,1.1,2017,6
39,A.J. Derby,DEN,1,4,1,10,0,1.0,1.0,2017,6
40,Jonnu Smith,TEN,1,1,1,10,0,1.0,1.0,2017,6
41,Trey Burton,PHI,1,1,1,9,0,0.9,0.9,2017,6
42,Eric Ebron,DET,1,3,1,9,0,0.9,0.9,2017,6
43,Jerell Adams,NYG,1,1,1,6,0,0.6,0.6,2017,6
44,Maxx Williams,BAL,1,1,1,6,0,0.6,0.6,2017,6
45,Luke Stocker,TB,1,1,1,5,0,0.5,0.5,2017,6
46,Coby Fleener,NO,1,1,0,0,0,0.0,0.0,2017,6
47,Demetrius Harris,KC,1,2,0,0,0,0.0,0.0,2017,6
48,Tyler Higbee,LAR,1,3,1,0,0,0.0,0.0,2017,6
49,Matt LaCosse,NYG,1,1,0,0,0,0.0,0.0,2017,6
50,Marcedes Lewis,JAC,1,2,0,0,0,0.0,0.0,2017,6
1,O.J. Howard,TB,1,6,6,98,2,21.8,21.8,2017,7
2,Jordan Reed,WAS,1,10,8,64,2,18.4,18.4,2017,7
3,Zach Ertz,PHI,1,5,5,89,1,14.9,14.9,2017,7
4,Evan Engram,NYG,1,12,6,60,1,12.0,12.0,2017,7
5,Jason Witten,DAL,1,4,4,54,1,11.4,11.4,2017,7
6,Jimmy Graham,SEA,1,6,3,51,1,11.1,11.1,2017,7
7,Jared Cook,OAK,1,7,6,107,0,10.7,10.7,2017,7
8,Travis Kelce,KC,1,5,4,33,1,9.3,9.3,2017,7
9,Marcedes Lewis,JAC,1,3,2,29,1,8.9,8.9,2017,7
10,Anthony Fasano,MIA,1,4,3,25,1,8.5,8.5,2017,7
11,Tyler Kroft,CIN,1,4,4,23,1,8.3,8.3,2017,7
12,Logan Thomas,BUF,1,1,1,22,1,8.2,8.2,2017,7
13,Austin Seferian-Jenkins,NYJ,1,5,3,21,1,8.1,8.1,2017,7
14,Hunter Henry,LAC,1,5,4,73,0,7.3,7.3,2017,7
15,Vernon Davis,WAS,1,4,4,67,0,6.7,6.7,2017,7
16,A.J. Derby,DEN,1,7,6,66,0,6.6,6.6,2017,7
17,Delanie Walker,TEN,1,10,7,63,0,6.3,6.3,2017,7
18,Cameron Brate,TB,1,9,6,60,0,6.0,6.0,2017,7
19,David Njoku,CLE,1,5,2,58,0,5.8,5.8,2017,7
20,Nick O'Leary,BUF,1,2,2,58,0,5.8,5.8,2017,7
21,Julius Thomas,MIA,1,4,3,58,0,5.8,5.8,2017,7
22,Rob Gronkowski,NE,1,7,3,51,0,5.1,5.1,2017,7
23,Jack Doyle,IND,1,7,6,44,0,4.4,4.4,2017,7
24,Kyle Rudolph,MIN,1,7,5,43,0,4.3,4.3,2017,7
25,Ben Watson,BAL,1,5,5,38,0,3.8,3.8,2017,7
26,Vance McDonald,PIT,1,3,2,37,0,3.7,3.7,2017,7
27,Niles Paul,WAS,1,1,1,32,0,3.2,3.2,2017,7
28,Zach Miller,CHI,1,3,2,29,0,2.9,2.9,2017,7
29,Seth Devalve,CLE,1,4,2,27,0,2.7,2.7,2017,7
30,Eric Tomlinson,NYJ,1,1,1,26,0,2.6,2.6,2017,7
31,Coby Fleener,NO,1,3,2,22,0,2.2,2.2,2017,7
32,Jonnu Smith,TEN,1,4,2,22,0,2.2,2.2,2017,7
33,Ed Dickson,CAR,1,5,3,18,0,1.8,1.8,2017,7
34,Jermaine Gresham,ARI,1,3,1,18,0,1.8,1.8,2017,7
35,Martellus Bennett,GB,1,3,2,17,0,1.7,1.7,2017,7
36,Demetrius Harris,KC,1,3,2,16,0,1.6,1.6,2017,7
37,George Kittle,SF,1,2,1,16,0,1.6,1.6,2017,7
38,Tyler Higbee,LAR,1,3,3,13,0,1.3,1.3,2017,7
39,Luke Willson,SEA,1,1,1,13,0,1.3,1.3,2017,7
40,Nick Boyle,BAL,1,3,2,12,0,1.2,1.2,2017,7
41,Xavier Grimble,PIT,1,1,1,12,0,1.2,1.2,2017,7
42,Nick Vannett,SEA,1,1,1,12,0,1.2,1.2,2017,7
43,Garrett Celek,SF,1,1,1,11,0,1.1,1.1,2017,7
44,Chris Manhertz,CAR,1,2,1,11,0,1.1,1.1,2017,7
45,Trey Burton,PHI,1,1,1,7,0,0.7,0.7,2017,7
46,Darrell Daniels,IND,1,3,1,7,0,0.7,0.7,2017,7
47,Virgil Green,DEN,1,2,1,7,0,0.7,0.7,2017,7
48,Ben Koyack,JAC,1,1,1,7,0,0.7,0.7,2017,7
49,Geoff Swaim,DAL,1,1,1,7,0,0.7,0.7,2017,7
50,C.J. Uzomah,CIN,1,2,1,7,0,0.7,0.7,2017,7
1,Travis Kelce,KC,1,10,7,133,1,19.3,19.3,2017,8
2,Jack Doyle,IND,1,14,12,121,1,18.1,18.1,2017,8
3,Jimmy Graham,SEA,1,5,4,39,2,15.9,15.9,2017,8
4,Rob Gronkowski,NE,1,9,5,57,1,11.7,11.7,2017,8
5,Austin Hooper,ATL,1,6,4,47,1,10.7,10.7,2017,8
6,Zach Ertz,PHI,1,6,4,34,1,9.4,9.4,2017,8
7,Kyle Rudolph,MIN,1,7,6,27,1,8.7,8.7,2017,8
8,A.J. Derby,DEN,1,4,2,21,1,8.1,8.1,2017,8
9,Eric Tomlinson,NYJ,1,1,1,20,1,8.0,8.0,2017,8
10,Ben Watson,BAL,1,4,2,6,1,6.6,6.6,2017,8
11,Cameron Brate,TB,1,5,4,64,0,6.4,6.4,2017,8
12,Eric Ebron,DET,1,6,2,58,0,5.8,5.8,2017,8
13,Jared Cook,OAK,1,5,4,57,0,5.7,5.7,2017,8
14,Tyler Kroft,CIN,1,6,5,46,0,4.6,4.6,2017,8
15,Jesse James,PIT,1,3,2,42,0,4.2,4.2,2017,8
16,Jason Witten,DAL,1,5,3,31,0,3.1,3.1,2017,8
17,Nick Boyle,BAL,1,4,4,29,0,2.9,2.9,2017,8
18,Josh Hill,NO,1,4,3,29,0,2.9,2.9,2017,8
19,David Morgan,MIN,1,3,3,28,0,2.8,2.8,2017,8
20,Austin Seferian-Jenkins,NYJ,1,5,5,28,0,2.8,2.8,2017,8
21,Antonio Gates,LAC,1,2,2,25,0,2.5,2.5,2017,8
22,Garrett Celek,SF,1,2,1,24,0,2.4,2.4,2017,8
23,Ed Dickson,CAR,1,5,4,24,0,2.4,2.4,2017,8
24,George Kittle,SF,1,4,2,22,0,2.2,2.2,2017,8
25,Trey Burton,PHI,1,2,2,21,0,2.1,2.1,2017,8
26,Lee Smith,OAK,1,3,1,21,0,2.1,2.1,2017,8
27,Vernon Davis,WAS,1,4,2,20,0,2.0,2.0,2017,8
28,Levine Toilolo,ATL,1,3,2,20,0,2.0,2.0,2017,8
29,David Njoku,CLE,1,7,2,19,0,1.9,1.9,2017,8
30,Geoff Swaim,DAL,1,1,1,18,0,1.8,1.8,2017,8
31,Virgil Green,DEN,1,2,1,16,0,1.6,1.6,2017,8
32,O.J. Howard,TB,1,2,2,16,0,1.6,1.6,2017,8
33,Dion Sims,CHI,1,5,3,15,0,1.5,1.5,2017,8
34,Brent Celek,PHI,1,2,1,14,0,1.4,1.4,2017,8
35,Jacob Hollister,NE,1,1,1,13,0,1.3,1.3,2017,8
36,Darren Fells,DET,1,3,1,12,0,1.2,1.2,2017,8
37,Stephen Anderson,HOU,1,2,1,11,0,1.1,1.1,2017,8
38,Anthony Fasano,MIA,1,2,2,11,0,1.1,1.1,2017,8
39,Hunter Henry,LAC,1,2,2,11,0,1.1,1.1,2017,8
40,Jeff Heuerman,DEN,1,2,1,11,0,1.1,1.1,2017,8
41,Ryan Griffin,HOU,1,2,1,10,0,1.0,1.0,2017,8
42,Cole Hikutini,SF,1,1,1,10,0,1.0,1.0,2017,8
43,Daniel Brown,CHI,1,1,1,9,0,0.9,0.9,2017,8
44,Nick Vannett,SEA,1,1,1,8,0,0.8,0.8,2017,8
45,Logan Thomas,BUF,1,1,1,7,0,0.7,0.7,2017,8
46,Nick O'Leary,BUF,1,3,1,5,0,0.5,0.5,2017,8
47,Jordan Reed,WAS,1,1,1,5,0,0.5,0.5,2017,8
48,Julius Thomas,MIA,1,3,2,2,0,0.2,0.2,2017,8
49,Seth Devalve,CLE,1,3,1,0,0,0.0,0.0,2017,8
50,Demetrius Harris,KC,1,2,0,0,0,0.0,0.0,2017,8
1,Julius Thomas,MIA,1,8,6,84,1,14.4,14.4,2017,9
2,Travis Kelce,KC,1,9,7,73,1,13.3,13.3,2017,9
3,Evan Engram,NYG,1,10,4,70,1,13.0,13.0,2017,9
4,Jared Cook,OAK,1,9,8,126,0,12.6,12.6,2017,9
5,Trey Burton,PHI,1,4,2,41,1,10.1,10.1,2017,9
6,Jermaine Gresham,ARI,1,3,2,23,1,8.3,8.3,2017,9
7,Tyler Kroft,CIN,1,2,2,79,0,7.9,7.9,2017,9
8,Luke Stocker,TB,1,2,2,13,1,7.3,7.3,2017,9
9,Vernon Davis,WAS,1,9,6,72,0,7.2,7.2,2017,9
10,Delanie Walker,TEN,1,5,5,71,0,7.1,7.1,2017,9
11,Luke Willson,SEA,1,2,1,10,1,7.0,7.0,2017,9
12,Tyler Higbee,LAR,1,2,1,8,1,6.8,6.8,2017,9
13,Jack Doyle,IND,1,9,8,63,0,6.3,6.3,2017,9
14,Jimmy Graham,SEA,1,8,5,59,0,5.9,5.9,2017,9
15,Gerald Everett,LAR,1,2,1,44,0,5.7,5.7,2017,9
16,Nick O'Leary,BUF,1,5,4,51,0,5.1,5.1,2017,9
17,Marcedes Lewis,JAC,1,6,3,49,0,4.9,4.9,2017,9
18,Coby Fleener,NO,1,2,2,46,0,4.6,4.6,2017,9
19,Stephen Anderson,HOU,1,6,4,44,0,4.4,4.4,2017,9
20,Ben Watson,BAL,1,10,7,41,0,4.1,4.1,2017,9
21,Brent Celek,PHI,1,4,3,39,0,3.9,3.9,2017,9
22,Austin Hooper,ATL,1,6,3,36,0,3.6,3.6,2017,9
23,Eric Ebron,DET,1,4,3,35,0,3.5,3.5,2017,9
24,Lance Kendricks,GB,1,3,2,32,0,3.2,3.2,2017,9
25,Maxx Williams,BAL,1,3,3,29,0,2.9,2.9,2017,9
26,George Kittle,SF,1,5,3,27,0,2.7,2.7,2017,9
27,Logan Thomas,BUF,1,3,2,25,0,2.5,2.5,2017,9
28,Rhett Ellison,NYG,1,2,2,21,0,2.1,2.1,2017,9
29,Austin Seferian-Jenkins,NYJ,1,2,2,20,0,2.0,2.0,2017,9
30,Brandon Williams,IND,1,2,2,20,0,2.0,2.0,2017,9
31,Troy Niklas,ARI,1,3,1,16,0,1.6,1.6,2017,9
32,Garrett Celek,SF,1,4,1,13,0,1.3,1.3,2017,9
33,A.J. Derby,DEN,1,3,1,11,0,1.1,1.1,2017,9
34,Darren Fells,DET,1,1,1,10,0,1.0,1.0,2017,9
35,Cameron Brate,TB,1,4,1,9,0,0.9,0.9,2017,9
36,Anthony Fasano,MIA,1,2,2,9,0,0.9,0.9,2017,9
37,Levine Toilolo,ATL,1,1,1,8,0,0.8,0.8,2017,9
38,O.J. Howard,TB,1,2,1,6,0,0.6,0.6,2017,9
39,James O'Shaughnessy,JAC,1,1,1,6,0,0.6,0.6,2017,9
40,Eric Tomlinson,NYJ,1,2,1,6,0,0.6,0.6,2017,9
41,Derek Carrier,LAR,1,1,1,5,0,0.5,0.5,2017,9
42,Richard Rodgers,GB,1,2,1,5,0,0.5,0.5,2017,9
43,Jason Witten,DAL,1,1,1,5,0,0.5,0.5,2017,9
44,MarQueis Gray,MIA,1,0,0,0,0,0.3,0.3,2017,9
45,Ross Travis,KC,1,2,1,3,0,0.3,0.3,2017,9
46,Ed Dickson,CAR,1,2,0,0,0,0.0,0.0,2017,9
47,James Hanna,DAL,1,1,0,0,0,0.0,0.0,2017,9
48,Demetrius Harris,KC,1,1,0,0,0,0.0,0.0,2017,9
49,Jeff Heuerman,DEN,1,1,0,0,0,0.0,0.0,2017,9
50,Jonnu Smith,TEN,1,1,0,0,0,0.0,0.0,2017,9
1,Jimmy Graham,SEA,1,9,6,27,2,14.7,14.7,2017,10
2,Garrett Celek,SF,1,6,4,67,1,12.7,12.7,2017,10
3,Jermaine Gresham,ARI,1,7,5,64,1,12.4,12.4,2017,10
4,Austin Hooper,ATL,1,6,6,49,1,10.9,10.9,2017,10
5,Eric Ebron,DET,1,3,2,39,1,9.9,9.9,2017,10
6,Ed Dickson,CAR,1,5,3,33,1,9.3,9.3,2017,10
7,Evan Engram,NYG,1,9,6,31,1,9.1,9.1,2017,10
8,Vernon Davis,WAS,1,11,7,76,0,7.6,7.6,2017,10
9,Vance McDonald,PIT,1,2,2,16,1,7.6,7.6,2017,10
10,Rob Gronkowski,NE,1,7,4,74,0,7.4,7.4,2017,10
11,Dwayne Allen,NE,1,2,1,11,1,7.1,7.1,2017,10
12,Seth Devalve,CLE,1,6,4,70,0,7.0,7.0,2017,10
13,Julius Thomas,MIA,1,5,2,8,1,6.8,6.8,2017,10
14,Nick O'Leary,BUF,1,2,1,7,1,6.7,6.7,2017,10
15,Austin Seferian-Jenkins,NYJ,1,9,6,67,0,6.7,6.7,2017,10
16,Delanie Walker,TEN,1,9,6,63,0,6.3,6.3,2017,10
17,David Morgan,MIN,1,1,1,1,1,6.1,6.1,2017,10
18,Jason Witten,DAL,1,7,7,59,0,5.9,5.9,2017,10
19,Adam Shaheen,CHI,1,2,2,39,0,3.9,3.9,2017,10
20,Martellus Bennett,NE,1,3,3,38,0,3.8,3.8,2017,10
21,Kyle Rudolph,MIN,1,7,5,37,0,3.7,3.7,2017,10
22,Stephen Anderson,HOU,1,3,2,30,0,3.0,3.0,2017,10
23,Marcedes Lewis,JAC,1,5,2,29,0,2.9,2.9,2017,10
24,Daniel Brown,CHI,1,3,2,23,0,2.3,2.3,2017,10
25,Tyler Higbee,LAR,1,4,2,22,0,2.2,2.2,2017,10
26,Nick Vannett,SEA,1,2,2,22,0,2.2,2.2,2017,10
27,Jonnu Smith,TEN,1,5,2,20,0,2.0,2.0,2017,10
28,Charles Clay,BUF,1,3,2,13,0,1.3,1.3,2017,10
29,Cameron Brate,TB,1,3,1,10,0,1.0,1.0,2017,10
30,C.J. Fiedorowicz,HOU,1,6,2,10,0,1.0,1.0,2017,10
31,Levine Toilolo,ATL,1,1,1,10,0,1.0,1.0,2017,10
32,Jack Doyle,IND,1,5,2,9,0,0.9,0.9,2017,10
33,Lance Kendricks,GB,1,2,1,9,0,0.9,0.9,2017,10
34,Richard Rodgers,GB,1,1,1,8,0,0.8,0.8,2017,10
35,Hunter Henry,LAC,1,2,1,7,0,0.7,0.7,2017,10
36,Jeff Heuerman,DEN,1,3,1,4,0,0.4,0.4,2017,10
37,Michael Hoomanawanui,NO,1,1,1,4,0,0.4,0.4,2017,10
38,Tyler Kroft,CIN,1,6,1,4,0,0.4,0.4,2017,10
39,Antonio Gates,LAC,1,2,1,3,0,0.3,0.3,2017,10
40,David Njoku,CLE,1,6,1,3,0,0.3,0.3,2017,10
41,A.J. Derby,DEN,1,1,1,2,0,0.2,0.2,2017,10
42,Darrell Daniels,IND,1,2,0,0,0,0.0,0.0,2017,10
43,Gerald Everett,LAR,1,2,0,0,0,0.0,0.0,2017,10
44,Darren Fells,DET,1,1,0,0,0,0.0,0.0,2017,10
45,Coby Fleener,NO,1,1,0,0,0,0.0,0.0,2017,10
46,Jesse James,PIT,1,2,0,0,0,0.0,0.0,2017,10
47,Ben Koyack,JAC,1,1,0,0,0,0.0,0.0,2017,10
48,Troy Niklas,ARI,1,2,0,0,0,0.0,0.0,2017,10
49,Neal Sterling,NYJ,1,1,0,0,0,0.0,0.0,2017,10
50,Josh Hill,NO,1,1,1,-2,0,-0.2,-0.2,2017,10
1,Ricky Seals-Jones,ARI,1,5,3,54,2,17.4,17.4,2017,11
2,Jimmy Graham,SEA,1,11,7,58,1,11.8,11.8,2017,11
3,O.J. Howard,TB,1,4,3,52,1,11.2,11.2,2017,11
4,Travis Kelce,KC,1,14,8,109,0,10.9,10.9,2017,11
5,Adam Shaheen,CHI,1,4,4,41,1,10.1,10.1,2017,11
6,Delanie Walker,TEN,1,9,6,92,0,9.2,9.2,2017,11
7,Coby Fleener,NO,1,5,5,91,0,9.1,9.1,2017,11
8,Levine Toilolo,ATL,1,2,2,31,1,9.1,9.1,2017,11
9,Marcedes Lewis,JAC,1,2,2,26,1,8.6,8.6,2017,11
10,Jesse James,PIT,1,8,5,21,1,8.1,8.1,2017,11
11,Tyler Kroft,CIN,1,3,2,12,1,7.2,7.2,2017,11
12,Vernon Davis,WAS,1,6,3,67,0,6.7,6.7,2017,11
13,Jeremy Sprinkle,WAS,1,1,1,7,1,6.7,6.7,2017,11
14,Kyle Rudolph,MIN,1,7,5,58,0,5.8,5.8,2017,11
15,Josh Hill,NO,1,1,1,3,1,5.5,5.5,2017,11
16,Eric Ebron,DET,1,7,4,49,0,4.9,4.9,2017,11
17,Jared Cook,OAK,1,5,2,36,0,3.6,3.6,2017,11
18,Rob Gronkowski,NE,1,3,3,36,0,3.6,3.6,2017,11
19,Austin Traylor,DEN,1,5,4,36,0,3.6,3.6,2017,11
20,Ben Watson,BAL,1,1,1,33,0,3.3,3.3,2017,11
21,Julius Thomas,MIA,1,4,4,30,0,3.0,3.0,2017,11
22,Brent Celek,PHI,1,2,1,28,0,2.8,2.8,2017,11
23,Charles Clay,BUF,1,4,3,27,0,2.7,2.7,2017,11
24,Hunter Henry,LAC,1,5,2,25,0,2.5,2.5,2017,11
25,Dwayne Allen,NE,1,2,2,24,0,2.4,2.4,2017,11
26,Daniel Brown,CHI,1,5,2,23,0,2.3,2.3,2017,11
27,Stephen Anderson,HOU,1,3,1,22,0,2.2,2.2,2017,11
28,C.J. Fiedorowicz,HOU,1,2,2,18,0,1.8,1.8,2017,11
29,Niles Paul,WAS,1,2,2,11,0,1.6,1.6,2017,11
30,Martellus Bennett,NE,1,3,3,15,0,1.5,1.5,2017,11
31,Virgil Green,DEN,1,4,2,13,0,1.3,1.3,2017,11
32,David Njoku,CLE,1,1,1,13,0,1.3,1.3,2017,11
33,Cameron Brate,TB,1,3,1,12,0,1.2,1.2,2017,11
34,James O'Shaughnessy,JAC,1,1,1,12,0,1.2,1.2,2017,11
35,Ross Travis,KC,1,3,1,11,0,1.1,1.1,2017,11
36,Jermaine Gresham,ARI,1,1,1,10,0,1.0,1.0,2017,11
37,Sean McGrath,LAC,1,1,1,10,0,1.0,1.0,2017,11
38,Evan Engram,NYG,1,6,1,9,0,0.9,0.9,2017,11
39,Darren Fells,DET,1,1,1,9,0,0.9,0.9,2017,11
40,Zach Ertz,PHI,1,5,2,8,0,0.8,0.8,2017,11
41,Gerald Everett,LAR,1,2,1,8,0,0.8,0.8,2017,11
42,Nick O'Leary,BUF,1,3,1,8,0,0.8,0.8,2017,11
43,Rhett Ellison,NYG,1,1,1,7,0,0.7,0.7,2017,11
44,Jason Witten,DAL,1,1,1,7,0,0.7,0.7,2017,11
45,Jerell Adams,NYG,1,1,1,6,0,0.6,0.6,2017,11
46,Maxx Williams,BAL,1,2,2,6,0,0.6,0.6,2017,11
47,Seth Devalve,CLE,1,3,1,5,0,0.5,0.5,2017,11
48,Tyler Higbee,LAR,1,5,1,5,0,0.5,0.5,2017,11
49,Lance Kendricks,GB,1,4,1,5,0,0.5,0.5,2017,11
50,David Morgan,MIN,1,1,1,5,0,0.5,0.5,2017,11
1,Rob Gronkowski,NE,1,8,5,82,2,20.2,20.2,2017,12
2,Kyle Rudolph,MIN,1,4,4,63,2,18.3,18.3,2017,12
3,Zach Ertz,PHI,1,12,10,103,1,16.3,16.3,2017,12
4,Hunter Henry,LAC,1,5,5,76,1,13.6,13.6,2017,12
5,Ricky Seals-Jones,ARI,1,6,4,72,1,13.2,13.2,2017,12
6,Delanie Walker,TEN,1,5,4,63,1,12.3,12.3,2017,12
7,Jack Doyle,IND,1,8,7,94,0,9.4,9.4,2017,12
8,Jimmy Graham,SEA,1,6,3,34,1,9.4,9.4,2017,12
9,Nick Vannett,SEA,1,4,2,29,1,8.9,8.9,2017,12
10,Tyler Kroft,CIN,1,4,3,14,1,7.4,7.4,2017,12
11,Xavier Grimble,PIT,1,1,1,1,1,6.1,6.1,2017,12
12,Charles Clay,BUF,1,4,4,60,0,6.0,6.0,2017,12
13,O.J. Howard,TB,1,4,3,52,0,5.2,5.2,2017,12
14,Julius Thomas,MIA,1,6,5,52,0,5.2,5.2,2017,12
15,Tyler Higbee,LAR,1,3,3,48,0,4.8,4.8,2017,12
16,David Njoku,CLE,1,4,4,47,0,4.7,4.7,2017,12
17,Jason Witten,DAL,1,7,7,44,0,4.4,4.4,2017,12
18,Travis Kelce,KC,1,4,3,39,0,3.9,3.9,2017,12
19,Austin Hooper,ATL,1,5,3,38,0,3.8,3.8,2017,12
20,C.J. Fiedorowicz,HOU,1,8,4,37,0,3.7,3.7,2017,12
21,Eric Ebron,DET,1,4,4,34,0,3.4,3.4,2017,12
22,Austin Traylor,DEN,1,4,1,34,0,3.4,3.4,2017,12
23,Seth Devalve,CLE,1,2,2,33,0,3.3,3.3,2017,12
24,Demetrius Harris,KC,1,2,2,33,0,3.3,3.3,2017,12
25,Jesse James,PIT,1,4,3,32,0,3.2,3.2,2017,12
26,Ben Watson,BAL,1,3,3,29,0,2.9,2.9,2017,12
27,Austin Seferian-Jenkins,NYJ,1,7,2,27,0,2.7,2.7,2017,12
28,Richard Rodgers,GB,1,3,1,25,0,2.5,2.5,2017,12
29,Troy Niklas,ARI,1,2,2,22,0,2.2,2.2,2017,12
30,Daniel Brown,CHI,1,3,2,20,0,2.0,2.0,2017,12
31,Evan Engram,NYG,1,7,3,18,0,1.8,1.8,2017,12
32,Nick O'Leary,BUF,1,2,2,18,0,1.8,1.8,2017,12
33,Virgil Green,DEN,1,3,1,16,0,1.6,1.6,2017,12
34,Niles Paul,WAS,1,5,3,16,0,1.6,1.6,2017,12
35,Ed Dickson,CAR,1,3,1,15,0,1.5,1.5,2017,12
36,George Kittle,SF,1,2,1,14,0,1.4,1.4,2017,12
37,Jermaine Gresham,ARI,1,3,2,13,0,1.3,1.3,2017,12
38,Lee Smith,OAK,1,1,1,12,0,1.2,1.2,2017,12
39,Maxx Williams,BAL,1,1,1,12,0,1.2,1.2,2017,12
40,Marcedes Lewis,JAC,1,2,1,10,0,1.0,1.0,2017,12
41,Greg Olsen,CAR,1,4,1,10,0,1.0,1.0,2017,12
42,Nick Boyle,BAL,1,1,1,9,0,0.9,0.9,2017,12
43,Rhett Ellison,NYG,1,1,1,9,0,0.9,0.9,2017,12
44,Gerald Everett,LAR,1,1,1,9,0,0.9,0.9,2017,12
45,Coby Fleener,NO,1,2,1,8,0,0.8,0.8,2017,12
46,Garrett Celek,SF,1,2,2,7,0,0.7,0.7,2017,12
47,James O'Shaughnessy,JAC,1,2,1,7,0,0.7,0.7,2017,12
48,Cameron Brate,TB,1,2,1,6,0,0.6,0.6,2017,12
49,Dwayne Allen,NE,1,2,1,2,0,0.2,0.2,2017,12
50,Jared Cook,OAK,1,5,1,1,0,0.1,0.1,2017,12
1,Travis Kelce,KC,1,8,4,94,2,21.4,21.4,2017,13
2,Cameron Brate,TB,1,6,2,39,2,15.9,15.9,2017,13
3,Evan Engram,NYG,1,8,7,99,1,15.9,15.9,2017,13
4,Rob Gronkowski,NE,1,11,9,147,0,14.7,14.7,2017,13
5,Stephen Anderson,HOU,1,12,5,79,1,13.9,13.9,2017,13
6,David Njoku,CLE,1,6,4,74,1,13.4,13.4,2017,13
7,Delanie Walker,TEN,1,5,5,63,1,12.3,12.3,2017,13
8,Kyle Rudolph,MIN,1,5,4,36,1,9.6,9.6,2017,13
9,Jimmy Graham,SEA,1,4,3,26,1,8.6,8.6,2017,13
10,Ben Watson,BAL,1,5,3,24,1,8.4,8.4,2017,13
11,Hunter Henry,LAC,1,9,7,81,0,8.1,8.1,2017,13
12,Julius Thomas,MIA,1,3,3,20,1,8.0,8.0,2017,13
13,Jason Witten,DAL,1,5,1,8,1,6.8,6.8,2017,13
14,Gerald Everett,LAR,1,4,2,7,1,6.7,6.7,2017,13
15,Clive Walford,OAK,1,4,4,57,0,5.7,5.7,2017,13
16,Marcedes Lewis,JAC,1,5,4,46,0,4.6,4.6,2017,13
17,Ricky Seals-Jones,ARI,1,5,2,44,0,4.4,4.4,2017,13
18,Trey Burton,PHI,1,7,4,42,0,4.2,4.2,2017,13
19,Nick Vannett,SEA,1,3,3,40,0,4.0,4.0,2017,13
20,Eric Ebron,DET,1,4,4,38,0,3.8,3.8,2017,13
21,Virgil Green,DEN,1,1,1,36,0,3.6,3.6,2017,13
22,Seth Devalve,CLE,1,3,2,33,0,3.3,3.3,2017,13
23,Antonio Gates,LAC,1,4,3,32,0,3.2,3.2,2017,13
24,Garrett Celek,SF,1,4,2,30,0,3.0,3.0,2017,13
25,Tyler Kroft,CIN,1,2,2,30,0,3.0,3.0,2017,13
26,Anthony Fasano,MIA,1,1,1,29,0,2.9,2.9,2017,13
27,James O'Shaughnessy,JAC,1,1,1,29,0,2.9,2.9,2017,13
28,Levine Toilolo,ATL,1,2,2,25,0,2.5,2.5,2017,13
29,Zach Ertz,PHI,1,4,2,24,0,2.4,2.4,2017,13
30,Michael Roberts,DET,1,1,1,23,0,2.3,2.3,2017,13
31,Austin Hooper,ATL,1,4,3,21,0,2.1,2.1,2017,13
32,C.J. Uzomah,CIN,1,1,1,21,0,2.1,2.1,2017,13
33,Charles Clay,BUF,1,3,3,20,0,2.0,2.0,2017,13
34,George Kittle,SF,1,3,2,20,0,2.0,2.0,2017,13
35,Phillip Supernaw,TEN,1,1,1,20,0,2.0,2.0,2017,13
36,Ed Dickson,CAR,1,2,2,18,0,1.8,1.8,2017,13
37,Jermaine Gresham,ARI,1,3,2,17,0,1.7,1.7,2017,13
38,O.J. Howard,TB,1,2,1,17,0,1.7,1.7,2017,13
39,Jack Doyle,IND,1,5,3,16,0,1.6,1.6,2017,13
40,C.J. Fiedorowicz,HOU,1,3,2,16,0,1.6,1.6,2017,13
41,Austin Traylor,DEN,1,2,2,16,0,1.6,1.6,2017,13
42,Vernon Davis,WAS,1,2,2,15,0,1.5,1.5,2017,13
43,Derek Carrier,LAR,1,1,1,14,0,1.4,1.4,2017,13
44,Daniel Brown,CHI,1,1,1,13,0,1.3,1.3,2017,13
45,Alan Cross,TB,1,1,1,13,0,1.3,1.3,2017,13
46,Jesse James,PIT,1,2,1,13,0,1.3,1.3,2017,13
47,Niles Paul,WAS,1,3,3,12,0,1.2,1.2,2017,13
48,Antony Auclair,TB,1,1,1,11,0,1.1,1.1,2017,13
49,Nick Boyle,BAL,1,3,1,11,0,1.1,1.1,2017,13
50,Lance Kendricks,GB,1,1,1,11,0,1.1,1.1,2017,13
1,Trey Burton,PHI,1,6,5,71,2,19.1,19.1,2017,14
2,Jared Cook,OAK,1,6,5,75,1,13.5,13.5,2017,14
3,Garrett Celek,SF,1,4,2,67,1,12.7,12.7,2017,14
4,O.J. Howard,TB,1,6,4,54,1,11.4,11.4,2017,14
5,Hunter Henry,LAC,1,6,4,50,1,11.0,11.0,2017,14
6,Adam Shaheen,CHI,1,5,4,44,1,10.4,10.4,2017,14
7,Kyle Rudolph,MIN,1,5,3,41,1,10.1,10.1,2017,14
8,Jesse James,PIT,1,12,10,97,0,9.7,9.7,2017,14
9,Eric Ebron,DET,1,11,10,94,0,9.4,9.4,2017,14
10,Vernon Davis,WAS,1,7,2,26,1,8.6,8.6,2017,14
11,Rhett Ellison,NYG,1,5,4,20,1,8.0,8.0,2017,14
12,Jason Witten,DAL,1,2,1,20,1,8.0,8.0,2017,14
13,Travis Kelce,KC,1,13,7,74,0,7.4,7.4,2017,14
14,Brent Celek,PHI,1,3,1,5,1,6.5,6.5,2017,14
15,Jack Doyle,IND,1,3,2,4,1,6.4,6.4,2017,14
16,Evan Engram,NYG,1,7,4,54,0,5.4,5.4,2017,14
17,Vance McDonald,PIT,1,6,4,52,0,5.2,5.2,2017,14
18,Delanie Walker,TEN,1,9,5,42,0,4.2,4.2,2017,14
19,Dion Sims,CHI,1,3,2,32,0,3.2,3.2,2017,14
20,Jermaine Gresham,ARI,1,2,2,27,0,2.7,2.7,2017,14
21,Demetrius Harris,KC,1,3,1,25,0,2.5,2.5,2017,14
22,Darren Fells,DET,1,1,1,23,0,2.3,2.3,2017,14
23,Austin Hooper,ATL,1,4,2,23,0,2.3,2.3,2017,14
24,Ricky Seals-Jones,ARI,1,3,1,20,0,2.0,2.0,2017,14
25,Anthony Fasano,MIA,1,1,1,17,0,1.7,1.7,2017,14
26,Stephen Anderson,HOU,1,6,2,16,0,1.6,1.6,2017,14
27,Seth Devalve,CLE,1,3,2,16,0,1.6,1.6,2017,14
28,James Hanna,DAL,1,1,1,16,0,1.6,1.6,2017,14
29,Niles Paul,WAS,1,1,1,15,0,1.5,1.5,2017,14
30,Josh Hill,NO,1,3,2,14,0,1.4,1.4,2017,14
31,Clive Walford,OAK,1,4,2,13,0,1.3,1.3,2017,14
32,MarQueis Gray,MIA,1,1,1,10,0,1.2,1.2,2017,14
33,Randall Telfer,CLE,1,2,1,12,0,1.2,1.2,2017,14
34,Luke Willson,SEA,1,1,1,12,0,1.2,1.2,2017,14
35,Cameron Brate,TB,1,1,1,11,0,1.1,1.1,2017,14
36,Charles Clay,BUF,1,5,2,11,0,1.1,1.1,2017,14
37,Lance Kendricks,GB,1,5,2,11,0,1.1,1.1,2017,14
38,Julius Thomas,MIA,1,4,2,11,0,1.1,1.1,2017,14
39,Dwayne Allen,NE,1,5,2,10,0,1.0,1.0,2017,14
40,George Kittle,SF,1,2,2,10,0,1.0,1.0,2017,14
41,Daniel Brown,CHI,1,2,2,9,0,0.9,0.9,2017,14
42,Nick O'Leary,BUF,1,1,1,9,0,0.9,0.9,2017,14
43,Michael Roberts,DET,1,2,2,8,0,0.8,0.8,2017,14
44,Brandon Williams,IND,1,3,2,8,0,0.8,0.8,2017,14
45,Blake Bell,MIN,1,2,2,7,0,0.7,0.7,2017,14
46,Troy Niklas,ARI,1,2,1,7,0,0.7,0.7,2017,14
47,Levine Toilolo,ATL,1,1,1,7,0,0.7,0.7,2017,14
48,Gerald Everett,LAR,1,1,1,6,0,0.6,0.6,2017,14
49,Ryan Hewitt,CIN,1,1,1,6,0,0.6,0.6,2017,14
50,Chris Manhertz,CAR,1,1,1,6,0,0.6,0.6,2017,14
1,Greg Olsen,CAR,1,12,9,116,1,17.6,17.6,2017,15
2,Rob Gronkowski,NE,1,13,9,168,0,16.8,16.8,2017,15
3,Richard Rodgers,GB,1,4,4,77,1,13.7,13.7,2017,15
4,Ben Watson,BAL,1,4,4,74,1,13.4,13.4,2017,15
5,Garrett Celek,SF,1,3,3,63,1,12.3,12.3,2017,15
6,Zach Ertz,PHI,1,9,6,56,1,11.6,11.6,2017,15
7,Jeff Heuerman,DEN,1,1,1,54,1,11.4,11.4,2017,15
8,Evan Engram,NYG,1,13,8,87,0,10.1,10.1,2017,15
9,Delanie Walker,TEN,1,10,5,37,1,9.7,9.7,2017,15
10,Eric Ebron,DET,1,7,5,33,1,9.3,9.3,2017,15
11,O.J. Howard,TB,1,1,1,30,1,9.0,9.0,2017,15
12,Luke Willson,SEA,1,2,1,26,1,8.6,8.6,2017,15
13,Kyle Rudolph,MIN,1,2,2,17,1,7.7,7.7,2017,15
14,Trey Burton,PHI,1,2,2,15,1,7.5,7.5,2017,15
15,Antonio Gates,LAC,1,3,1,10,1,7.0,7.0,2017,15
16,Charles Clay,BUF,1,9,5,68,0,6.8,6.8,2017,15
17,Levine Toilolo,ATL,1,0,0,0,0,6.0,6.0,2017,15
18,George Kittle,SF,1,5,4,52,0,5.2,5.2,2017,15
19,Cameron Brate,TB,1,5,4,49,0,4.9,4.9,2017,15
20,Jack Doyle,IND,1,8,7,47,0,4.7,4.7,2017,15
21,Jason Witten,DAL,1,5,4,47,0,4.7,4.7,2017,15
22,Travis Kelce,KC,1,7,6,46,0,4.6,4.6,2017,15
23,Troy Niklas,ARI,1,6,3,41,0,4.1,4.1,2017,15
24,Nick O'Leary,BUF,1,2,2,33,0,3.3,3.3,2017,15
25,Ross Travis,IND,1,2,2,33,0,3.3,3.3,2017,15
26,Daniel Brown,CHI,1,4,3,32,0,3.2,3.2,2017,15
27,Seth Devalve,CLE,1,4,2,32,0,3.2,3.2,2017,15
28,James Hanna,DAL,1,1,1,31,0,3.1,3.1,2017,15
29,Hunter Henry,LAC,1,3,3,28,0,2.8,2.8,2017,15
30,C.J. Uzomah,CIN,1,4,4,24,0,2.4,2.4,2017,15
31,Alan Cross,TB,1,2,1,23,0,2.3,2.3,2017,15
32,Josh Hill,NO,1,2,1,22,0,2.2,2.2,2017,15
33,Orson Charles,KC,1,1,1,18,0,1.8,1.8,2017,15
34,Vernon Davis,WAS,1,4,2,18,0,1.8,1.8,2017,15
35,Marcedes Lewis,JAC,1,2,2,18,0,1.8,1.8,2017,15
36,Jared Cook,OAK,1,4,2,17,0,1.7,1.7,2017,15
37,Anthony Fasano,MIA,1,2,2,15,0,1.5,1.5,2017,15
38,James O'Shaughnessy,JAC,1,2,1,15,0,1.5,1.5,2017,15
39,Julius Thomas,MIA,1,4,2,15,0,1.5,1.5,2017,15
40,Antony Auclair,TB,1,1,1,14,0,1.4,1.4,2017,15
41,Austin Seferian-Jenkins,NYJ,1,2,2,13,0,1.3,1.3,2017,15
42,Tyler Higbee,LAR,1,1,1,12,0,1.2,1.2,2017,15
43,Austin Hooper,ATL,1,2,2,12,0,1.2,1.2,2017,15
44,Niles Paul,WAS,1,2,1,11,0,1.1,1.1,2017,15
45,Ricky Seals-Jones,ARI,1,6,2,11,0,1.1,1.1,2017,15
46,Dwayne Allen,NE,1,1,1,10,0,1.0,1.0,2017,15
47,Nick Boyle,BAL,1,2,1,9,0,0.9,0.9,2017,15
48,Dion Sims,CHI,1,1,1,9,0,0.9,0.9,2017,15
49,Xavier Grimble,PIT,1,1,1,8,0,0.8,0.8,2017,15
50,MarQueis Gray,MIA,1,0,0,0,0,0.7,0.7,2017,15
1,Eric Ebron,DET,1,8,5,83,1,14.3,14.3,2017,16
2,Antonio Gates,LAC,1,8,6,81,1,14.1,14.1,2017,16
3,Rob Gronkowski,NE,1,7,5,67,1,12.7,12.7,2017,16
4,Travis Kelce,KC,1,8,4,47,1,10.7,10.7,2017,16
5,Vernon Davis,WAS,1,3,2,42,1,10.2,10.2,2017,16
6,George Kittle,SF,1,3,3,42,1,10.2,10.2,2017,16
7,James O'Shaughnessy,JAC,1,6,5,39,1,9.9,9.9,2017,16
8,Zach Ertz,PHI,1,14,9,81,0,8.1,8.1,2017,16
9,Maxx Williams,BAL,1,3,2,6,1,6.6,6.6,2017,16
10,Jimmy Graham,SEA,1,1,1,3,1,6.3,6.3,2017,16
11,C.J. Uzomah,CIN,1,1,1,1,1,6.1,6.1,2017,16
12,Rhett Ellison,NYG,1,7,4,60,0,6.0,6.0,2017,16
13,Vance McDonald,PIT,1,5,4,52,0,5.2,5.2,2017,16
14,Jack Doyle,IND,1,10,5,41,0,4.1,4.1,2017,16
15,Ben Watson,BAL,1,6,5,40,0,4.0,4.0,2017,16
16,Jason Witten,DAL,1,9,5,39,0,3.9,3.9,2017,16
17,Charles Clay,BUF,1,10,4,37,0,3.7,3.7,2017,16
18,Lance Kendricks,GB,1,9,4,36,0,3.6,3.6,2017,16
19,Orson Charles,KC,1,1,1,35,0,3.5,3.5,2017,16
20,Demetrius Harris,KC,1,7,4,34,0,3.4,3.4,2017,16
21,Delanie Walker,TEN,1,5,3,33,0,3.3,3.3,2017,16
22,Jerell Adams,NYG,1,4,4,31,0,3.1,3.1,2017,16
23,Greg Olsen,CAR,1,6,3,27,0,2.7,2.7,2017,16
24,Dwayne Allen,NE,1,2,2,26,0,2.6,2.6,2017,16
25,Sean McGrath,LAC,1,2,2,26,0,2.6,2.6,2017,16
26,David Morgan,MIN,1,2,2,26,0,2.6,2.6,2017,16
27,Dion Sims,CHI,1,3,1,24,0,2.4,2.4,2017,16
28,Marcedes Lewis,JAC,1,1,1,22,0,2.2,2.2,2017,16
29,Austin Seferian-Jenkins,NYJ,1,8,4,21,0,2.1,2.1,2017,16
30,Austin Hooper,ATL,1,4,3,18,0,1.8,1.8,2017,16
31,Lee Smith,OAK,1,3,2,16,0,1.6,1.6,2017,16
32,Jared Cook,OAK,1,2,1,15,0,1.5,1.5,2017,16
33,Tyler Higbee,LAR,1,2,2,15,0,1.5,1.5,2017,16
34,Austin Traylor,DEN,1,2,1,14,0,1.4,1.4,2017,16
35,Cameron Brate,TB,1,4,3,13,0,1.3,1.3,2017,16
36,David Njoku,CLE,1,3,1,13,0,1.3,1.3,2017,16
37,Jonnu Smith,TEN,1,2,1,13,0,1.3,1.3,2017,16
38,Brent Celek,PHI,1,2,1,12,0,1.2,1.2,2017,16
39,Seth Devalve,CLE,1,4,3,12,0,1.2,1.2,2017,16
40,Evan Engram,NYG,1,2,1,12,0,1.2,1.2,2017,16
41,A.J. Derby,MIA,1,5,1,11,0,1.1,1.1,2017,16
42,Josh Hill,NO,1,3,2,11,0,1.1,1.1,2017,16
43,Jacob Hollister,NE,1,2,1,5,0,1.0,1.0,2017,16
44,Ben Koyack,JAC,1,2,2,10,0,1.0,1.0,2017,16
45,Nick Boyle,BAL,1,4,3,9,0,0.9,0.9,2017,16
46,Luke Willson,SEA,1,2,2,9,0,0.9,0.9,2017,16
47,Kyle Rudolph,MIN,1,1,1,6,0,0.6,0.6,2017,16
48,Jeremy Sprinkle,WAS,1,1,1,6,0,0.6,0.6,2017,16
49,Jermaine Gresham,ARI,1,1,1,4,0,0.4,0.4,2017,16
50,Tyler Kroft,CIN,1,5,1,3,0,0.3,0.3,2017,16
1,Tyler Kroft,CIN,1,8,6,53,2,17.3,17.3,2017,17
2,George Kittle,SF,1,6,4,100,0,10.0,10.0,2017,17
3,Jack Doyle,IND,1,5,4,38,1,9.8,9.8,2017,17
4,Nick O'Leary,BUF,1,2,1,26,1,8.6,8.6,2017,17
5,Neal Sterling,NYJ,1,8,5,74,0,7.4,7.4,2017,17
6,Demetrius Harris,KC,1,4,3,73,0,7.3,7.3,2017,17
7,Charles Clay,BUF,1,8,6,64,0,6.4,6.4,2017,17
8,Rhett Ellison,NYG,1,6,5,63,0,6.3,6.3,2017,17
9,Ben Watson,BAL,1,10,7,61,0,6.1,6.1,2017,17
10,Antonio Gates,LAC,1,6,4,46,0,4.6,4.6,2017,17
11,Jimmy Graham,SEA,1,6,3,45,0,4.5,4.5,2017,17
12,David Njoku,CLE,1,3,2,38,0,3.8,3.8,2017,17
13,Cameron Brate,TB,1,5,3,37,0,3.7,3.7,2017,17
14,Jared Cook,OAK,1,4,3,35,0,3.5,3.5,2017,17
15,Austin Hooper,ATL,1,3,3,35,0,3.5,3.5,2017,17
16,David Morgan,MIN,1,3,3,35,0,3.5,3.5,2017,17
17,Emanuel Byrd,GB,1,2,2,31,0,3.1,3.1,2017,17
18,Garrett Celek,SF,1,1,1,28,0,2.8,2.8,2017,17
19,Nick Boyle,BAL,1,3,2,24,0,2.4,2.4,2017,17
20,Zach Ertz,PHI,1,2,2,24,0,2.4,2.4,2017,17
21,Jermaine Gresham,ARI,1,3,3,24,0,2.4,2.4,2017,17
22,Ed Dickson,CAR,1,3,2,22,0,2.2,2.2,2017,17
23,Vernon Davis,WAS,1,3,2,20,0,2.0,2.0,2017,17
24,Delanie Walker,TEN,1,5,3,19,0,1.9,1.9,2017,17
25,Jason Witten,DAL,1,3,2,17,0,1.7,1.7,2017,17
26,Gerald Everett,LAR,1,6,3,16,0,1.6,1.6,2017,17
27,Brent Celek,PHI,1,4,3,13,0,1.3,1.3,2017,17
28,James Hanna,DAL,1,2,1,13,0,1.3,1.3,2017,17
29,Marcedes Lewis,JAC,1,3,2,13,0,1.3,1.3,2017,17
30,Darren Fells,DET,1,1,1,12,0,1.2,1.2,2017,17
31,Jonnu Smith,TEN,1,3,3,12,0,1.2,1.2,2017,17
32,Luke Stocker,TEN,1,1,1,12,0,1.2,1.2,2017,17
33,Alan Cross,TB,1,1,1,11,0,1.1,1.1,2017,17
34,Derek Carrier,LAR,1,2,2,10,0,1.0,1.0,2017,17
35,Greg Olsen,CAR,1,9,1,10,0,1.0,1.0,2017,17
36,Eric Tomlinson,NYJ,1,2,2,10,0,1.0,1.0,2017,17
37,Trey Burton,PHI,1,2,1,9,0,0.9,0.9,2017,17
38,A.J. Derby,MIA,1,4,1,9,0,0.9,0.9,2017,17
39,Eric Ebron,DET,1,6,1,9,0,0.9,0.9,2017,17
40,Jeff Heuerman,DEN,1,2,1,9,0,0.9,0.9,2017,17
41,Jesse James,PIT,1,2,2,9,0,0.9,0.9,2017,17
42,Josh Hill,NO,1,2,1,8,0,0.8,0.8,2017,17
43,C.J. Uzomah,CIN,1,2,1,7,0,0.7,0.7,2017,17
44,Virgil Green,DEN,1,1,1,6,0,0.6,0.6,2017,17
45,Vance McDonald,PIT,1,2,1,5,0,0.5,0.5,2017,17
46,Stephen Anderson,HOU,1,2,1,4,0,0.4,0.4,2017,17
47,Garrett Griffin,NO,1,1,1,4,0,0.4,0.4,2017,17
48,Kyle Rudolph,MIN,1,3,1,3,0,0.3,0.3,2017,17
49,MarQueis Gray,MIA,1,0,0,0,0,0.2,0.2,2017,17
50,Xavier Grimble,PIT,1,1,1,2,0,0.2,0.2,2017,17
