,name,injury,status,position,season,week
0,"Bostick, Brandon",fibula,Out,TE,2014,1
4,"Helfet, Cooper",knee,Out,TE,2014,1
8,"Michael, Christine",hamstring,Out,RB,2014,1
14,"Lorig, Erik",ankle,Out,RB,2014,1
19,"Burkhead, Rex",knee,Out,RB,2014,1
21,"Eifert, Tyler",shoulder,Probable,TE,2014,1
23,"Peerman, Cedric",hip,Probable,RB,2014,1
28,"Pierce, Bernard",concussion,Probable,RB,2014,1
30,"Dixon, Boobie",hamstring,Questionable,RB,2014,1
34,"Smith, Lee",toe,Doubtful,TE,2014,1
40,"Fiammetta, Tony",hamstring,Questionable,RB,2014,1
45,"Reed, Jordan",thumb,Questionable,TE,2014,1
49,"Graham, Garrett",back,Questionable,TE,2014,1
56,"Prosch, Jay",hand,Probable,RB,2014,1
59,"Battle, Jackie",shoulder,Probable,RB,2014,1
71,"Sherman, Anthony",back,Probable,RB,2014,1
72,"Thomas, De'Anthony",hamstring,Doubtful,RB,2014,1
78,"Gronkowski, Rob",knee,Questionable,TE,2014,1
90,"Ausberry, David",knee,Probable,TE,2014,1
106,"Harbor, Clay",calf,Out,TE,2014,1
107,"Johnson, Storm",ankle,Out,RB,2014,1
116,"Polk, Chris",hamstring,Questionable,RB,2014,1
132,"Spaeth, Matt",hamstring,Probable,TE,2014,1
138,"Line, Zach",ankle,Out,RB,2014,1
155,"McDonald, Vance",hamstring,Probable,TE,2014,1
167,"James, Mike",shoulder,Probable,RB,2014,1
169,"Lane, Jorvorskie",hand,Probable,RB,2014,1
173,"Sims, Charles",right ankle surgery,Injured Reserve (DFR),RB,2014,1
206,"Gates, Antonio",hamstring,Questionable,TE,2014,1
212,"Ellington, Andre",foot,Questionable,RB,2014,1
1,"Bell, Le'Veon",not injury related,Probable,RB,2014,2
6,"Miller, Heath",not injury related,Probable,TE,2014,2
18,"Clay, Charles",knee,Probable,TE,2014,2
22,"Moreno, Knowshon",shoulder,Probable,RB,2014,2
25,"Sims, Dion",neck,Probable,TE,2014,2
34,"Smith, Lee",toe,Doubtful,TE,2014,2
37,"Bush, Reggie",knee,Probable,RB,2014,2
40,"Pettigrew, Brandon",foot,Probable,TE,2014,2
45,"Olsen, Greg",not injury related,Probable,TE,2014,2
46,"Williams, DeAngelo",thigh,Questionable,RB,2014,2
53,"Burkhead, Rex",knee,Doubtful,RB,2014,2
56,"Eifert, Tyler",elbow,Injured Reserve (DFR),TE,2014,2
68,"Lorig, Erik",ankle,Out,RB,2014,2
71,"Cameron, Jordan",shoulder,Questionable,TE,2014,2
75,"Tate, Ben",knee,Out,RB,2014,2
78,"Gronkowski, Rob",knee,Probable,TE,2014,2
85,"Line, Zach",ankle,Probable,RB,2014,2
87,"Peterson, Adrian",not injury related,Out,RB,2014,2
92,"Ellington, Andre",foot,Questionable,RB,2014,2
121,"Battle, Jackie",neck,Probable,RB,2014,2
129,"Gerhart, Toby",ankle,Probable,RB,2014,2
131,"Harbor, Clay",calf,Out,TE,2014,2
133,"Johnson, Storm",ankle,Out,RB,2014,2
136,"Lewis, Marcedes",knee,Probable,TE,2014,2
143,"Helu Jr., Roy",strained quadriceps,Day-to-Day,RB,2014,2
151,"Reed, Jordan",hamstring,Out,TE,2014,2
153,"Young, Darrel",sprained back,Day-to-Day,RB,2014,2
154,"Helfet, Cooper",knee,Doubtful,TE,2014,2
156,"Michael, Christine",hamstring,Out,RB,2014,2
164,"Gates, Antonio",hamstring,Probable,TE,2014,2
178,"Martin, Doug",knee,Questionable,RB,2014,2
181,"Seferian-Jenkins, Austin",ankle,Out,TE,2014,2
182,"Sims, Charles",right ankle surgery,Injured Reserve (DFR),RB,2014,2
186,"Charles, Jamaal",high ankle sprain,Day-to-Day,RB,2014,2
194,"Thomas, De'Anthony",hamstring,Out,RB,2014,2
207,"Cumberland, Jeff",not injury related,Probable,TE,2014,2
212,"Bostick, Brandon",fibula,Probable,TE,2014,2
216,"Lacy, Eddie",concussion,Probable,RB,2014,2
222,"Fiedorowicz, C.J.",foot,Out,TE,2014,2
223,"Foster, Arian",ribs,Probable,RB,2014,2
224,"Graham, Garrett",back,Probable,TE,2014,2
234,"Prosch, Jay",hand,Probable,RB,2014,2
239,"Jones-Drew, Maurice",hand,Questionable,RB,2014,2
244,"Fiammetta, Tony",hamstring,Out,RB,2014,2
254,"Davis, Vernon",left ankle,Day-to-Day,TE,2014,2
262,"Polk, Chris",hamstring,Probable,RB,2014,2
266,"Bradshaw, Ahmad",not injury related,Probable,RB,2014,2
7,"Martin, Doug",knee,Questionable,RB,2014,3
11,"Seferian-Jenkins, Austin",ankle,Out,TE,2014,3
12,"Sims, Charles",right ankle surgery,Injured Reserve (DFR),RB,2014,3
23,"Gates, Antonio",hamstring,Probable,TE,2014,3
26,"Mathews, Ryan",knee,Out,RB,2014,3
29,"Woodhead, Danny",ankle,Day-to-Day,RB,2014,3
33,"Smith, Lee",toe,Probable,TE,2014,3
37,"McCluster, Dexter",foot,Probable,RB,2014,3
42,"Burkhead, Rex",knee,Doubtful,RB,2014,3
43,"Eifert, Tyler",elbow,Injured Reserve (DFR),TE,2014,3
56,"Pierce, Bernard",thigh,Questionable,RB,2014,3
57,"Pitta, Dennis",hip,Day-to-Day,TE,2014,3
61,"Cameron, Jordan",shoulder,Questionable,TE,2014,3
67,"Tate, Ben",knee,Out,RB,2014,3
75,"Bell, Joique",knee,Probable,RB,2014,3
81,"Owens, Montell",hamstring,Doubtful,RB,2014,3
98,"Gerhart, Toby",foot,Probable,RB,2014,3
100,"Harbor, Clay",calf,Questionable,TE,2014,3
103,"Johnson, Storm",ankle,Probable,RB,2014,3
105,"Lewis, Marcedes",high left ankle sprain,Injured Reserve (DFR),TE,2014,3
109,"Shuler, Mickey",heel,Probable,TE,2014,3
111,"Jones-Drew, Maurice",hand,Questionable,RB,2014,3
124,"Gronkowski, Rob",knee,Probable,TE,2014,3
127,"Vereen, Shane",shoulder,Questionable,RB,2014,3
136,"Rudolph, Kyle",abdomen,Questionable,TE,2014,3
143,"Ingram, Mark",hand,Out,RB,2014,3
147,"Lorig, Erik",ankle,Out,RB,2014,3
151,"Fiedorowicz, C.J.",foot,Probable,TE,2014,3
152,"Foster, Arian",hamstring,Questionable,RB,2014,3
153,"Graham, Garrett",ankle,Probable,TE,2014,3
161,"Prosch, Jay",hand,Probable,RB,2014,3
177,"Helu Jr., Roy",quadriceps,Probable,RB,2014,3
184,"Reed, Jordan",hamstring,Out,TE,2014,3
185,"Young, Darrel",neck,Probable,RB,2014,3
188,"Ertz, Zach",knee,Probable,TE,2014,3
203,"Escobar, Gavin",knee,Questionable,TE,2014,3
207,"Randle, Joseph",concussion,Questionable,RB,2014,3
212,"Harkey, Cory",knee,Questionable,TE,2014,3
222,"Davis, Vernon","ankle, knee",Questionable,TE,2014,3
224,"Hyde, Carlos",calf,Probable,RB,2014,3
227,"McDonald, Vance",knee,Questionable,TE,2014,3
230,"Ellington, Andre",foot,Probable,RB,2014,3
232,"Housler, Rob",hip,Questionable,TE,2014,3
241,"Charles, Jamaal",ankle,Questionable,RB,2014,3
242,"Gray, Cyrus",foot,Probable,RB,2014,3
247,"Thomas, De'Anthony",hamstring,Out,RB,2014,3
250,"Clay, Charles",knee,Questionable,TE,2014,3
257,"Moreno, Knowshon",elbow,Out,RB,2014,3
274,"Helfet, Cooper",knee,Probable,TE,2014,3
277,"Lynch, Marshawn",back,Probable,RB,2014,3
278,"Michael, Christine",hamstring,Probable,RB,2014,3
279,"Miller, Zach",ankle,Probable,TE,2014,3
288,"Miller, Heath",not injury related,Probable,TE,2014,3
301,"Olsen, Greg",calf,Probable,TE,2014,3
302,"Stewart, Jonathan",right knee contusion,Day-to-Day,RB,2014,3
303,"Tolbert, Mike",chest,Probable,RB,2014,3
304,"Whittaker, Fozzy",thigh,Doubtful,RB,2014,3
305,"Williams, DeAngelo",thigh,Questionable,RB,2014,3
325,"Johnson, Chris",ankle,Probable,RB,2014,3
14,"Helu Jr., Roy",strained quadriceps,Day-to-Day,RB,2014,4
20,"Morris, Alfred",knee,Probable,RB,2014,4
22,"Paul, Niles",concussion,Day-to-Day,TE,2014,4
25,"Reed, Jordan",hamstring,Out,TE,2014,4
28,"Young, Darrel",sprained back,Day-to-Day,RB,2014,4
33,"Stewart, Jonathan",knee,Questionable,RB,2014,4
34,"Tolbert, Mike",hairline fracture right leg,Injured Reserve (DFR),RB,2014,4
35,"Whittaker, Fozzy",thigh,Doubtful,RB,2014,4
36,"Williams, DeAngelo",thigh,Probable,RB,2014,4
39,"Daniels, Owen",not injury related,Probable,TE,2014,4
42,"Pierce, Bernard",thigh,Probable,RB,2014,4
71,"Spiller, C.J.",chest,Probable,RB,2014,4
78,"Foster, Arian",hamstring,Questionable,RB,2014,4
91,"Thompson, Taylor",knee,Doubtful,TE,2014,4
92,"Walker, Delanie",shoulder,Questionable,TE,2014,4
94,"Bradshaw, Ahmad",not injury related,Probable,RB,2014,4
112,"Bell, Joique",knee,Probable,RB,2014,4
115,"Fauria, Joseph",ankle,Out,TE,2014,4
120,"Owens, Montell",hamstring,Questionable,RB,2014,4
121,"Riddick, Theo",hamstring,Probable,RB,2014,4
128,"Johnson, Chris",ankle,Probable,RB,2014,4
135,"Clay, Charles",knee,Probable,TE,2014,4
144,"Moreno, Knowshon",elbow,Out,RB,2014,4
153,"Williams, Damien",ankle,Questionable,RB,2014,4
158,"Jones-Drew, Maurice",hand,Probable,RB,2014,4
169,"Martin, Doug",knee,Probable,RB,2014,4
172,"Seferian-Jenkins, Austin",ankle,Probable,TE,2014,4
173,"Sims, Charles",right ankle surgery,Injured Reserve (DFR),RB,2014,4
179,"Miller, Heath",not injury related,Probable,TE,2014,4
185,"Gerhart, Toby",ankle,Probable,RB,2014,4
186,"Harbor, Clay",calf,Probable,TE,2014,4
189,"Lewis, Marcedes",high left ankle sprain,Injured Reserve (DFR),TE,2014,4
193,"Shuler, Mickey",illness,Out,TE,2014,4
194,"Ta'ufo'ou, Will",ankle,Probable,RB,2014,4
198,"Gates, Antonio",hamstring,Probable,TE,2014,4
200,"Green, Ladarius",hamstring,Questionable,TE,2014,4
202,"Johnson, David",shoulder,Questionable,TE,2014,4
204,"Mathews, Ryan",knee,Out,RB,2014,4
215,"Smith, Antone",hamstring,Probable,RB,2014,4
223,"Rudolph, Kyle","abdomen, groin",Out,TE,2014,4
229,"Casey, James",knee,Probable,TE,2014,4
244,"Davis, Vernon","ankle, knee",Questionable,TE,2014,4
246,"Gore, Frank",back,Probable,RB,2014,4
248,"McDonald, Vance",knee,Questionable,TE,2014,4
256,"Ingram, Mark",hand,Out,RB,2014,4
258,"Lorig, Erik",ankle,Out,RB,2014,4
260,"Watson, Benjamin",groin,Questionable,TE,2014,4
265,"Escobar, Gavin",knee,Probable,TE,2014,4
276,"Gronkowski, Rob",knee,Probable,TE,2014,4
280,"Charles, Jamaal",ankle,Probable,RB,2014,4
283,"McKnight, Joe",Achilles,Out,RB,2014,4
285,"Thomas, De'Anthony",hamstring,Questionable,RB,2014,4
1,"Felton, Jerome",knee,Probable,RB,2014,5
4,"McKinnon, Jerick",ankle,Probable,RB,2014,5
8,"Rudolph, Kyle","abdomen, groin",Out,TE,2014,5
32,"Brockel, Richie",ankle,Out,TE,2014,5
35,"Dickson, Ed",hip,Questionable,TE,2014,5
38,"Stewart, Jonathan",knee,Doubtful,RB,2014,5
39,"Tolbert, Mike",hairline fracture right leg,Injured Reserve (DFR),RB,2014,5
41,"Whittaker, Fozzy",thigh,Probable,RB,2014,5
42,"Williams, DeAngelo",ankle,Out,RB,2014,5
48,"Foster, Arian",hamstring,Probable,RB,2014,5
75,"Bell, Joique",concussion,Out,RB,2014,5
76,"Bush, Reggie",ankle,Day-to-Day,RB,2014,5
79,"Fauria, Joseph",ankle,Out,TE,2014,5
82,"Riddick, Theo",hamstring,Out,RB,2014,5
91,"Daniels, Owen",not injury related,Probable,TE,2014,5
94,"Pierce, Bernard",thigh,Probable,RB,2014,5
97,"Supernaw, Phillip",thigh,Questionable,TE,2014,5
99,"Bradshaw, Ahmad",not injury related,Probable,RB,2014,5
116,"Miller, Heath",not injury related,Probable,TE,2014,5
129,"Lewis, Marcedes",high left ankle sprain,Injured Reserve (DFR),TE,2014,5
134,"Shuler, Mickey",illness,Out,TE,2014,5
135,"Ta'ufo'ou, Will",ankle,Probable,RB,2014,5
145,"Seferian-Jenkins, Austin",ankle,Questionable,TE,2014,5
146,"Sims, Charles",right ankle surgery,Injured Reserve (DFR),RB,2014,5
152,"Graham, Jimmy",right shoulder,Day-to-Day,TE,2014,5
154,"Ingram, Mark",hand,Out,RB,2014,5
156,"Lorig, Erik",ankle,Out,RB,2014,5
158,"Watson, Benjamin",groin,Probable,TE,2014,5
169,"Jennings, Rashad",knee,Day-to-Day,RB,2014,5
180,"Burton, Trey",Achilles,Probable,TE,2014,5
182,"Casey, James",knee,Probable,TE,2014,5
192,"Cameron, Jordan",shoulder,Probable,TE,2014,5
196,"Tate, Ben",knee,Probable,RB,2014,5
200,"Thompson, Taylor",knee,Doubtful,TE,2014,5
201,"Walker, Delanie",shoulder,Probable,TE,2014,5
205,"Ellington, Andre",foot,Probable,RB,2014,5
207,"Housler, Rob",hip,Probable,TE,2014,5
216,"Green, Virgil",concussion,Probable,TE,2014,5
225,"Johnson, Chris",ankle,Probable,RB,2014,5
231,"Brown, Donald",concussion,Day-to-Day,RB,2014,5
235,"Green, Ladarius",hamstring,Probable,TE,2014,5
237,"Johnson, David",shoulder,Questionable,TE,2014,5
241,"Mathews, Ryan",knee,Out,RB,2014,5
249,"Charles, Jamaal",ankle,Probable,RB,2014,5
254,"Thomas, De'Anthony",hamstring,Probable,RB,2014,5
260,"Davis, Vernon",back,Questionable,TE,2014,5
262,"Gore, Frank",back,Probable,RB,2014,5
266,"McDonald, Vance",knee,Questionable,TE,2014,5
271,"Burkhead, Rex",knee,Probable,RB,2014,5
272,"Eifert, Tyler",elbow,Injured Reserve (DFR),TE,2014,5
288,"Gronkowski, Rob",knee,Probable,TE,2014,5
295,"Lynch, Marshawn",not injury related,Probable,RB,2014,5
296,"Miller, Zach",ankle,Out,TE,2014,5
304,"Helu Jr., Roy",strained quadriceps,Day-to-Day,RB,2014,5
310,"Paul, Niles",concussion,Questionable,TE,2014,5
312,"Reed, Jordan",hamstring,Questionable,TE,2014,5
315,"Young, Darrel",sprained back,Day-to-Day,RB,2014,5
8,"Blue, Alfred",knee,Probable,RB,2014,6
14,"Foster, Arian",hamstring,Probable,RB,2014,6
38,"Ridley, Stevan",knee,Day-to-Day,RB,2014,6
45,"Jackson, Fred","illness, ankle",Questionable,RB,2014,6
59,"Olsen, Greg",ankle,Questionable,TE,2014,6
60,"Reaves, Darrin",hip,Probable,RB,2014,6
61,"Stewart, Jonathan",knee,Questionable,RB,2014,6
62,"Tolbert, Mike",hairline fracture right leg,Injured Reserve (DFR),RB,2014,6
63,"Williams, DeAngelo",ankle,Out,RB,2014,6
65,"Eifert, Tyler",elbow,Injured Reserve (DFR),TE,2014,6
76,"Miller, Heath",not injury related,Probable,TE,2014,6
83,"Cameron, Jordan","ankle, shoulder",Probable,TE,2014,6
92,"Tate, Ben",finger,Probable,RB,2014,6
102,"Clay, Charles",knee,Probable,TE,2014,6
106,"Miller, Lamar",foot,Probable,RB,2014,6
108,"Moreno, Knowshon",elbow,Probable,RB,2014,6
115,"Bell, Joique",concussion,Probable,RB,2014,6
116,"Bush, Reggie",ankle,Questionable,RB,2014,6
118,"Fauria, Joseph",ankle,Out,TE,2014,6
121,"Riddick, Theo",hamstring,Probable,RB,2014,6
125,"Asiata, Matt",groin,Probable,RB,2014,6
130,"McKinnon, Jerick",ankle,Probable,RB,2014,6
132,"Rudolph, Kyle","abdomen, groin",Out,TE,2014,6
134,"Ball, Montee",groin,Out,RB,2014,6
141,"Thompson, Juwan",knee,Probable,RB,2014,6
145,"Cumberland, Jeff",illness,Probable,TE,2014,6
150,"Johnson, Chris",ankle,Probable,RB,2014,6
174,"Sims, Charles",right ankle surgery,Injured Reserve (DFR),RB,2014,6
176,"Gerhart, Toby",foot,Out,RB,2014,6
178,"Harbor, Clay",back,Probable,TE,2014,6
180,"Johnson, Storm",ankle,Probable,RB,2014,6
182,"Lewis, Marcedes",high left ankle sprain,Injured Reserve (DFR),TE,2014,6
187,"Greene, Shonn",hamstring,Doubtful,RB,2014,6
191,"Stevens, Craig",thigh,Out,TE,2014,6
192,"Thompson, Taylor",knee,Questionable,TE,2014,6
193,"Walker, Delanie",shoulder,Probable,TE,2014,6
197,"Brown, Donald",concussion,Out,RB,2014,6
203,"Johnson, David","knee, shoulder",Probable,TE,2014,6
206,"Mathews, Ryan",knee,Out,RB,2014,6
218,"Reece, Marcel",quadriceps,Questionable,RB,2014,6
246,"Helu Jr., Roy",strained quadriceps,Day-to-Day,RB,2014,6
252,"Paul, Niles",concussion,Day-to-Day,TE,2014,6
255,"Reed, Jordan",hamstring,Questionable,TE,2014,6
259,"Young, Darrel",sprained back,Day-to-Day,RB,2014,6
265,"Ellington, Andre",foot,Probable,RB,2014,6
267,"Niklas, Troy",ankle,Out,TE,2014,6
287,"Lynch, Marshawn",not injury related,Probable,RB,2014,6
288,"Miller, Zach",ankle,Out,TE,2014,6
294,"Jennings, Rashad",knee,Out,RB,2014,6
301,"Burton, Trey",Achilles,Probable,TE,2014,6
307,"Polk, Chris",hamstring,Out,RB,2014,6
314,"Davis, Vernon",back,Questionable,TE,2014,6
331,"Reynolds, Chase",hip,Questionable,RB,2014,6
333,"Stacy, Zac",calf,Probable,RB,2014,6
0,"Amaro, Jace",knee,Probable,TE,2014,7
7,"Johnson, Chris",ankle,Probable,RB,2014,7
24,"Ridley, Stevan",knee,Out,RB,2014,7
40,"Daniels, Owen",not injury related,Probable,TE,2014,7
48,"Ford, Chase",foot,Probable,TE,2014,7
55,"Rudolph, Kyle","abdomen, groin",Out,TE,2014,7
61,"Jackson, Fred",groin,Day-to-Day,RB,2014,7
66,"Spiller, C.J.",shoulder,Day-to-Day,RB,2014,7
70,"Clay, Charles",knee,Probable,TE,2014,7
75,"Miller, Lamar",knee,Probable,RB,2014,7
97,"Graham, Jimmy",shoulder,Questionable,TE,2014,7
99,"Ingram, Mark",hand,Probable,RB,2014,7
102,"Lorig, Erik",ankle,Probable,RB,2014,7
105,"Thomas, Pierre",illness,Probable,RB,2014,7
106,"Watson, Benjamin",groin,Day-to-Day,TE,2014,7
108,"Bush, Reggie",ankle,Probable,RB,2014,7
109,"Ebron, Eric",hamstring,Doubtful,TE,2014,7
110,"Fauria, Joseph",ankle,Out,TE,2014,7
113,"Riddick, Theo",hamstring,Doubtful,RB,2014,7
126,"Olsen, Greg",ankle,Probable,TE,2014,7
127,"Reaves, Darrin",calf,Questionable,RB,2014,7
129,"Stewart, Jonathan",knee,Probable,RB,2014,7
130,"Tolbert, Mike",hairline fracture right leg,Injured Reserve (DFR),RB,2014,7
131,"Whittaker, Fozzy",thigh,Doubtful,RB,2014,7
132,"Williams, DeAngelo",ankle,Doubtful,RB,2014,7
141,"Eifert, Tyler",elbow,Injured Reserve (DFR),TE,2014,7
158,"Richardson, Trent",hamstring,Day-to-Day,RB,2014,7
167,"Tate, Ben",finger,Probable,RB,2014,7
173,"Gerhart, Toby",foot,Out,RB,2014,7
174,"Harbor, Clay",knee,Probable,TE,2014,7
176,"Lewis, Marcedes",high left ankle sprain,Injured Reserve (DFR),TE,2014,7
181,"Lynch, Marshawn",not injury related,Probable,RB,2014,7
185,"Miller, Zach",ankle,Out,TE,2014,7
189,"Willson, Luke",groin,Questionable,TE,2014,7
198,"Reynolds, Chase",thigh,Probable,RB,2014,7
199,"Stacy, Zac",ankle,Probable,RB,2014,7
201,"Greene, Shonn",hamstring,Doubtful,RB,2014,7
205,"Stevens, Craig",quadriceps,Out,TE,2014,7
206,"Thompson, Taylor",knee,Doubtful,TE,2014,7
212,"Helu Jr., Roy",strained quadriceps,Day-to-Day,RB,2014,7
216,"Paul, Niles",concussion,Day-to-Day,TE,2014,7
221,"Young, Darrel",hamstring,Probable,RB,2014,7
224,"Charles, Jamaal",high ankle sprain,Day-to-Day,RB,2014,7
226,"Gray, Cyrus",hand,Questionable,RB,2014,7
231,"Brown, Donald",concussion,Out,RB,2014,7
237,"Mathews, Ryan",knee,Out,RB,2014,7
246,"Jennings, Rashad",knee,Out,RB,2014,7
258,"Murray, DeMarco",illness,Probable,RB,2014,7
265,"Carlson, John",knee,Questionable,TE,2014,7
268,"Ellington, Andre",foot,Probable,RB,2014,7
270,"Niklas, Troy",ankle,Out,TE,2014,7
284,"Reece, Marcel",quadriceps,Questionable,RB,2014,7
293,"Davis, Vernon",back,Probable,TE,2014,7
302,"Ball, Montee",groin,Out,RB,2014,7
308,"Thompson, Juwan",knee,Probable,RB,2014,7
313,"Foster, Arian",groin,Probable,RB,2014,7
326,"Johnson, Will",illness,Probable,RB,2014,7
1,"Brown, Donald",concussion,Out,RB,2014,8
7,"Mathews, Ryan",knee,Out,RB,2014,8
12,"Ball, Montee",groin,Out,RB,2014,8
18,"Thompson, Juwan",knee,Probable,RB,2014,8
22,"Bush, Reggie",ankle,Doubtful,RB,2014,8
23,"Ebron, Eric",hamstring,Out,TE,2014,8
24,"Fauria, Joseph",ankle,Out,TE,2014,8
26,"Pettigrew, Brandon",foot,Doubtful,TE,2014,8
27,"Riddick, Theo",hamstring,Probable,RB,2014,8
39,"Coleman, Derrick",foot,Out,RB,2014,8
42,"Lynch, Marshawn",not injury related,Probable,RB,2014,8
44,"Miller, Zach",ankle,Out,TE,2014,8
46,"Turbin, Robert",shoulder,Probable,RB,2014,8
51,"Willson, Luke",groin,Probable,TE,2014,8
59,"Ogbonnaya, Chris",groin,Questionable,RB,2014,8
61,"Stewart, Jonathan",right knee contusion,Day-to-Day,RB,2014,8
62,"Tolbert, Mike",hairline fracture right leg,Injured Reserve (DFR),RB,2014,8
64,"Whittaker, Fozzy",thigh,Out,RB,2014,8
65,"Williams, DeAngelo",ankle,Out,RB,2014,8
68,"Daniels, Owen",knee,Out,TE,2014,8
74,"Bernard, Giovani",ribs,Probable,RB,2014,8
75,"Brock, Kevin",neck,Probable,TE,2014,8
77,"Eifert, Tyler",elbow,Injured Reserve (DFR),TE,2014,8
89,"Clay, Charles",knee,Probable,TE,2014,8
96,"Sims, Dion",neck,Probable,TE,2014,8
102,"Gerhart, Toby",foot,Probable,RB,2014,8
105,"Lewis, Marcedes",high left ankle sprain,Injured Reserve (DFR),TE,2014,8
109,"Cunningham, Benny",knee,Probable,RB,2014,8
122,"Charles, Jamaal",high ankle sprain,Day-to-Day,RB,2014,8
123,"Gray, Cyrus",hand,Probable,RB,2014,8
126,"Kelce, Travis",ribs,Probable,TE,2014,8
130,"Bennett, Martellus",hamstring,Probable,TE,2014,8
154,"Vereen, Shane",illness,Questionable,RB,2014,8
158,"Jackson, Fred",groin,Out,RB,2014,8
161,"Spiller, C.J.",broken left collarbone,Injured Reserve (DFR),RB,2014,8
171,"Johnson, Chris",ankle,Probable,RB,2014,8
174,"Powell, Bilal",foot,Probable,RB,2014,8
182,"Ford, Chase",foot,Probable,TE,2014,8
187,"Rudolph, Kyle","abdomen, groin",Out,TE,2014,8
199,"Sims, Charles",right ankle surgery,Injured Reserve (DFR),RB,2014,8
213,"Greene, Shonn",hamstring,Probable,RB,2014,8
218,"Thompson, Taylor",knee,Doubtful,TE,2014,8
222,"Polk, Chris",hamstring,Probable,RB,2014,8
225,"Sproles, Darren",knee,Questionable,RB,2014,8
230,"Ellington, Andre",foot,Probable,RB,2014,8
232,"Niklas, Troy",ankle,Out,TE,2014,8
236,"Ausberry, David",foot,Out,TE,2014,8
242,"Reece, Marcel",quadriceps,Questionable,RB,2014,8
257,"Doyle, Jack",knee,Questionable,TE,2014,8
262,"Richardson, Trent",hamstring,Questionable,RB,2014,8
276,"Starks, James",ankle,Probable,RB,2014,8
282,"Graham, Jimmy",shoulder,Questionable,TE,2014,8
286,"Robinson, Khiry",forearm,Out,RB,2014,8
288,"Thomas, Pierre","rib, shoulder",Out,RB,2014,8
289,"Watson, Benjamin",groin,Day-to-Day,TE,2014,8
294,"Helu Jr., Roy",strained quadriceps,Day-to-Day,RB,2014,8
297,"Morris, Alfred",ankle,Probable,RB,2014,8
298,"Paul, Niles",concussion,Day-to-Day,TE,2014,8
303,"Young, Darrel",sprained back,Day-to-Day,RB,2014,8
3,"Graham, Jimmy",shoulder,Questionable,TE,2014,9
5,"Johnson, Austin",knee,Out,RB,2014,9
7,"Robinson, Khiry",forearm,Questionable,RB,2014,9
8,"Thomas, Pierre","rib, shoulder",Out,RB,2014,9
9,"Watson, Benjamin",groin,Day-to-Day,TE,2014,9
17,"Stewart, Jonathan",right knee contusion,Day-to-Day,RB,2014,9
18,"Tolbert, Mike",hairline fracture right leg,Injured Reserve (DFR),RB,2014,9
20,"Whittaker, Fozzy",thigh,Out,RB,2014,9
21,"Williams, DeAngelo",ankle,Probable,RB,2014,9
26,"Gerhart, Toby",foot,Day-to-Day,RB,2014,9
30,"Lewis, Marcedes",high left ankle sprain,Injured Reserve (DFR),TE,2014,9
33,"Bernard, Giovani",hip,Out,RB,2014,9
38,"Eifert, Tyler",elbow,Injured Reserve (DFR),TE,2014,9
53,"Martin, Doug",ankle,Doubtful,RB,2014,9
56,"Sims, Charles",right ankle surgery,Injured Reserve (DFR),RB,2014,9
57,"Cameron, Jordan",concussion,Out,TE,2014,9
70,"Ellington, Andre",foot,Probable,RB,2014,9
74,"Niklas, Troy",ankle,Questionable,TE,2014,9
78,"Taylor, Stepfan",calf,Out,RB,2014,9
92,"Celek, Brent",back,Probable,TE,2014,9
101,"Sproles, Darren",knee,Probable,RB,2014,9
103,"Blue, Alfred",ankle,Probable,RB,2014,9
106,"Foster, Arian",knee,Probable,RB,2014,9
120,"Cumberland, Jeff","shoulder, finger",Probable,TE,2014,9
124,"Johnson, Chris",ankle,Probable,RB,2014,9
135,"Charles, Jamaal",back,Probable,RB,2014,9
136,"Fasano, Anthony",shoulder,Probable,TE,2014,9
139,"Gray, Cyrus",hand,Probable,RB,2014,9
141,"Kelce, Travis",ribs,Probable,TE,2014,9
150,"Brown, Donald",concussion,Probable,RB,2014,9
154,"Mathews, Ryan",knee,Out,RB,2014,9
160,"Clay, Charles",knee,Probable,TE,2014,9
168,"Sims, Dion",toe,Out,TE,2014,9
174,"Helu Jr., Roy",strained quadriceps,Day-to-Day,RB,2014,9
179,"Paul, Niles",concussion,Day-to-Day,TE,2014,9
184,"Young, Darrel",sprained back,Day-to-Day,RB,2014,9
188,"Ford, Chase",foot,Probable,TE,2014,9
194,"Rudolph, Kyle","abdomen, groin",Out,TE,2014,9
211,"Davis, Vernon",back,Day-to-Day,TE,2014,9
215,"Ball, Montee",groin,Out,RB,2014,9
219,"Green, Virgil",calf,Questionable,TE,2014,9
221,"Hillman, Ronnie",shoulder,Probable,RB,2014,9
224,"Thompson, Juwan",knee,Probable,RB,2014,9
236,"Ausberry, David",foot,Out,TE,2014,9
242,"Olawale, Jamize",shoulder,Probable,RB,2014,9
243,"Reece, Marcel",quadriceps,Probable,RB,2014,9
254,"Lynch, Marshawn",not injury related,Probable,RB,2014,9
256,"Miller, Zach",ankle,Out,TE,2014,9
267,"Daniels, Owen",knee,Questionable,TE,2014,9
268,"Forsett, Justin",ankle,Probable,RB,2014,9
279,"Miller, Heath",not injury related,Probable,TE,2014,9
283,"Spaeth, Matt",hamstring,Probable,TE,2014,9
287,"Bradshaw, Ahmad",not injury related,Probable,RB,2014,9
295,"Richardson, Trent",hamstring,Day-to-Day,RB,2014,9
299,"Jennings, Rashad",knee,Out,RB,2014,9
2,"Cameron, Jordan",concussion,Out,TE,2014,10
11,"Bernard, Giovani","hip, clavicle",Doubtful,RB,2014,10
14,"Eifert, Tyler",elbow,Injured Reserve (DFR),TE,2014,10
16,"Gresham, Jermaine",knee,Probable,TE,2014,10
27,"Daniels, Owen",not injury related,Probable,TE,2014,10
37,"Charles, Jamaal",high ankle sprain,Day-to-Day,RB,2014,10
41,"Gray, Cyrus",hand,Probable,RB,2014,10
43,"Harris, Demetrius",fractured foot,Day-to-Day,TE,2014,10
45,"Kelce, Travis",ribs,Probable,TE,2014,10
53,"Jackson, Fred",groin,Questionable,RB,2014,10
56,"Spiller, C.J.",broken left collarbone,Injured Reserve (DFR),RB,2014,10
59,"Clay, Charles",knee,Probable,TE,2014,10
63,"Miller, Lamar",shoulder,Questionable,RB,2014,10
68,"Sims, Dion",toe,Out,TE,2014,10
72,"Bush, Reggie",ankle,Probable,RB,2014,10
73,"Ebron, Eric",hamstring,Doubtful,TE,2014,10
75,"Fauria, Joseph",ankle,Questionable,TE,2014,10
78,"Pettigrew, Brandon",foot,Questionable,TE,2014,10
87,"Hanna, James",hamstring,Probable,TE,2014,10
102,"Gerhart, Toby",foot,Day-to-Day,RB,2014,10
106,"Lewis, Marcedes",high left ankle sprain,Injured Reserve (DFR),TE,2014,10
110,"Todman, Jordan",quadriceps,Probable,RB,2014,10
113,"Davis, Vernon",back,Day-to-Day,TE,2014,10
116,"Gore, Frank",hip,Probable,RB,2014,10
125,"Graham, Jimmy",shoulder,Probable,TE,2014,10
127,"Ingram, Mark",shoulder,Questionable,RB,2014,10
129,"Robinson, Khiry",forearm,Out,RB,2014,10
132,"Thomas, Pierre","rib, shoulder",Out,RB,2014,10
133,"Watson, Benjamin",groin,Day-to-Day,TE,2014,10
138,"Miller, Heath",not injury related,Probable,TE,2014,10
154,"Johnson, Chris",ankle,Probable,RB,2014,10
171,"Smith, Antone",neck,Questionable,RB,2014,10
178,"Martin, Doug",ankle,Doubtful,RB,2014,10
181,"Seferian-Jenkins, Austin",thumb,Questionable,TE,2014,10
182,"Sims, Charles",ankle,Questionable,RB,2014,10
184,"Stocker, Luke",hip,Questionable,TE,2014,10
186,"Ball, Montee",groin,Questionable,RB,2014,10
189,"Green, Virgil",calf,Questionable,TE,2014,10
193,"Thompson, Juwan",knee,Probable,RB,2014,10
196,"Ausberry, David",foot,Out,TE,2014,10
203,"Olawale, Jamize",shoulder,Probable,RB,2014,10
212,"Harkey, Cory",knee,Probable,TE,2014,10
222,"Ellington, Andre",foot,Probable,RB,2014,10
230,"Taylor, Stepfan",calf,Out,RB,2014,10
233,"Jennings, Rashad",knee,Doubtful,RB,2014,10
247,"Lynch, Marshawn",calf,Probable,RB,2014,10
249,"Miller, Zach",ankle,Out,TE,2014,10
256,"Bennett, Martellus",ribs,Questionable,TE,2014,10
279,"Stewart, Jonathan",right knee contusion,Day-to-Day,RB,2014,10
280,"Tolbert, Mike",hairline fracture right leg,Injured Reserve (DFR),RB,2014,10
282,"Williams, DeAngelo",ankle,Day-to-Day,RB,2014,10
3,"Jackson, Fred",groin,Questionable,RB,2014,11
4,"Spiller, C.J.",broken left collarbone,Injured Reserve (DFR),RB,2014,11
7,"Clay, Charles",knee,Questionable,TE,2014,11
12,"Miller, Lamar",shoulder,Probable,RB,2014,11
16,"Sims, Dion",toe,Questionable,TE,2014,11
34,"Stewart, Jonathan",ankle,Probable,RB,2014,11
35,"Tolbert, Mike",hairline fracture right leg,Injured Reserve (DFR),RB,2014,11
38,"Williams, Brandon",hip,Questionable,TE,2014,11
39,"Williams, DeAngelo",foot,Probable,RB,2014,11
42,"Ford, Chase",foot,Probable,TE,2014,11
44,"McKinnon, Jerick",low back,Probable,RB,2014,11
46,"Rudolph, Kyle","abdomen, groin",Probable,TE,2014,11
47,"Bennett, Martellus",ribs,Probable,TE,2014,11
60,"Foster, Arian",groin,Questionable,RB,2014,11
70,"Cameron, Jordan",concussion,Out,TE,2014,11
83,"Helfet, Cooper",knee,Probable,TE,2014,11
85,"Lynch, Marshawn","calf, rib",Questionable,RB,2014,11
88,"Willson, Luke",ankle,Questionable,TE,2014,11
90,"Charles, Jamaal","shoulder, elbow",Probable,RB,2014,11
91,"Fasano, Anthony",knee,Questionable,TE,2014,11
96,"Kelce, Travis",ribs,Probable,TE,2014,11
102,"Bernard, Giovani","hip, clavicle",Out,RB,2014,11
104,"Eifert, Tyler",elbow,Injured Reserve (DFR),TE,2014,11
105,"Gresham, Jermaine",thigh,Probable,TE,2014,11
110,"Peerman, Cedric",knee,Probable,RB,2014,11
114,"Baker, Edwin",concussion,Out,RB,2014,11
117,"Graham, Jimmy",right shoulder,Day-to-Day,TE,2014,11
119,"Ingram, Mark",shoulder,Probable,RB,2014,11
124,"Robinson, Khiry",forearm,Out,RB,2014,11
126,"Thomas, Pierre","rib, shoulder",Out,RB,2014,11
127,"Watson, Benjamin",groin,Day-to-Day,TE,2014,11
130,"Davis, Vernon",back,Day-to-Day,TE,2014,11
133,"Gore, Frank",hip,Probable,RB,2014,11
141,"Fells, Daniel",neck,Probable,TE,2014,11
142,"Hillis, Peyton",concussion,Out,RB,2014,11
144,"Jennings, Rashad",knee,Probable,RB,2014,11
149,"Ball, Montee",groin,Probable,RB,2014,11
154,"Green, Virgil",knee,Doubtful,TE,2014,11
155,"Hillman, Ronnie",foot,Out,RB,2014,11
158,"Thomas, Julius",ankle,Day-to-Day,TE,2014,11
159,"Thompson, Juwan",knee,Probable,RB,2014,11
173,"Martin, Doug",ankle,Out,RB,2014,11
176,"Sims, Charles",right ankle surgery,Injured Reserve (DFR),RB,2014,11
177,"Stocker, Luke",hip,Questionable,TE,2014,11
182,"Helu Jr., Roy",strained quadriceps,Day-to-Day,RB,2014,11
186,"Paul, Niles",concussion,Day-to-Day,TE,2014,11
187,"Paulsen, Logan","foot, hamstring",Questionable,TE,2014,11
188,"Redd Jr., Silas",back,Probable,RB,2014,11
191,"Young, Darrel",sprained back,Day-to-Day,RB,2014,11
192,"Ausberry, David",foot,Out,TE,2014,11
200,"Olawale, Jamize","shoulder, hamstring",Probable,RB,2014,11
208,"Brown, Donald",concussion,Day-to-Day,RB,2014,11
212,"Mathews, Ryan",knee,Probable,RB,2014,11
216,"Celek, Brent",ankle,Probable,TE,2014,11
222,"Bostick, Brandon",hip,Out,TE,2014,11
227,"Bush, Reggie",ankle,Questionable,RB,2014,11
228,"Ebron, Eric",hamstring,Probable,TE,2014,11
230,"Fauria, Joseph",ankle,Probable,TE,2014,11
234,"Pettigrew, Brandon",foot,Probable,TE,2014,11
244,"Ellington, Andre","foot, hip",Probable,RB,2014,11
249,"Taylor, Stepfan",calf,Probable,RB,2014,11
267,"Richardson, Trent",hamstring,Day-to-Day,RB,2014,11
282,"McCluster, Dexter",knee,Questionable,RB,2014,11
283,"Walker, Delanie",concussion,Questionable,TE,2014,11
284,"Washington, Leon",hamstring,Questionable,RB,2014,11
1,"Charles, Jamaal",high ankle sprain,Day-to-Day,RB,2014,12
2,"Fasano, Anthony",knee,Questionable,TE,2014,12
8,"Kelce, Travis","ribs, shoulder",Probable,TE,2014,12
12,"Ausberry, David",foot,Out,TE,2014,12
18,"Murray, Latavius",concussion,Day-to-Day,RB,2014,12
23,"Cameron, Jordan",concussion,Out,TE,2014,12
36,"DiMarco, Patrick",illness,Probable,RB,2014,12
39,"Jackson, Steven",illness,Probable,RB,2014,12
44,"Martin, Doug",ankle,Questionable,RB,2014,12
47,"Sims, Charles",ankle,Questionable,RB,2014,12
60,"Bernard, Giovani","hip, clavicle",Probable,RB,2014,12
62,"Eifert, Tyler",elbow,Injured Reserve (DFR),TE,2014,12
66,"Peerman, Cedric",hip,Probable,RB,2014,12
75,"Foster, Arian",groin,Questionable,RB,2014,12
76,"Grimes, Jonathan",ankle,Probable,RB,2014,12
92,"Gerhart, Toby",foot,Day-to-Day,RB,2014,12
95,"Lewis, Marcedes",high left ankle sprain,Injured Reserve (DFR),TE,2014,12
98,"Allen, Dwayne",ankle,Out,TE,2014,12
105,"Richardson, Trent",illness,Probable,RB,2014,12
109,"Bostick, Brandon",hip,Out,TE,2014,12
119,"Asiata, Matt",concussion,Out,RB,2014,12
128,"McKinnon, Jerick",low back,Probable,RB,2014,12
132,"Rudolph, Kyle","abdomen, groin",Probable,TE,2014,12
134,"Bell, Joique",ankle,Probable,RB,2014,12
135,"Bush, Reggie",ankle,Questionable,RB,2014,12
139,"Pettigrew, Brandon",foot,Probable,TE,2014,12
156,"McCluster, Dexter",knee,Day-to-Day,RB,2014,12
159,"Walker, Delanie",concussion,Probable,TE,2014,12
173,"Cook, Jared",back,Questionable,TE,2014,12
174,"Harkey, Cory",quadriceps,Questionable,TE,2014,12
184,"Brown, Donald",concussion,Day-to-Day,RB,2014,12
188,"Mathews, Ryan",knee,Day-to-Day,RB,2014,12
196,"Ellington, Andre","hip, foot",Probable,RB,2014,12
199,"Hughes, Robert",hamstring,Probable,RB,2014,12
212,"Lynch, Marshawn",back,Probable,RB,2014,12
218,"Clay, Charles","knee, hamstring",Doubtful,TE,2014,12
223,"Miller, Lamar","shoulder, knee",Questionable,RB,2014,12
231,"Ball, Montee",groin,Out,RB,2014,12
237,"Green, Virgil",calf,Questionable,TE,2014,12
238,"Hillman, Ronnie",foot,Out,RB,2014,12
242,"Thomas, Julius",ankle,Questionable,TE,2014,12
243,"Thompson, Juwan",knee,Probable,RB,2014,12
249,"Helu Jr., Roy",strained quadriceps,Day-to-Day,RB,2014,12
253,"Paul, Niles",concussion,Day-to-Day,TE,2014,12
254,"Reed, Jordan",hamstring,Out,TE,2014,12
257,"Young, Darrel",sprained back,Day-to-Day,RB,2014,12
261,"Davis, Vernon",back,Day-to-Day,TE,2014,12
265,"McDonald, Vance",hip,Questionable,TE,2014,12
278,"Jennings, Rashad",knee,Day-to-Day,RB,2014,12
290,"Ivory, Chris",shoulder,Probable,RB,2014,12
292,"Johnson, Chris",knee,Probable,RB,2014,12
304,"Jackson, Fred",groin,Questionable,RB,2014,12
307,"Spiller, C.J.",broken left collarbone,Injured Reserve (DFR),RB,2014,12
308,"Summers, Frank",neck,Probable,RB,2014,12
313,"Daniels, Owen",not injury related,Probable,TE,2014,12
315,"Juszczyk, Kyle",foot,Probable,RB,2014,12
322,"Cadet, Travaris",hamstring,Probable,RB,2014,12
325,"Graham, Jimmy",right shoulder,Day-to-Day,TE,2014,12
326,"Ingram, Mark",shoulder,Probable,RB,2014,12
331,"Robinson, Khiry",forearm,Out,RB,2014,12
333,"Thomas, Pierre","rib, shoulder",Probable,RB,2014,12
334,"Watson, Benjamin",groin,Day-to-Day,TE,2014,12
12,"Bush, Reggie","ankle, back",Questionable,RB,2014,13
27,"Ertz, Zach",oblique,Probable,TE,2014,13
50,"Helfet, Cooper",ankle,Out,TE,2014,13
53,"Lynch, Marshawn",back,Probable,RB,2014,13
57,"Carrier, Derek",foot,Out,TE,2014,13
59,"Davis, Vernon",back,Day-to-Day,TE,2014,13
62,"Gore, Frank",knee,Probable,RB,2014,13
64,"McDonald, Vance",back,Questionable,TE,2014,13
65,"Miller, Bruce",shoulder,Probable,RB,2014,13
70,"Brown, Donald",concussion,Day-to-Day,RB,2014,13
74,"Mathews, Ryan",shoulder,Probable,RB,2014,13
84,"Cameron, Jordan",concussion,Questionable,TE,2014,13
94,"Gragg, Chris",knee,Out,TE,2014,13
95,"Jackson, Fred",groin,Day-to-Day,RB,2014,13
97,"Spiller, C.J.",broken left collarbone,Injured Reserve (DFR),RB,2014,13
104,"McCluster, Dexter",concussion,Probable,RB,2014,13
107,"Walker, Delanie",concussion,Day-to-Day,TE,2014,13
108,"Washington, Leon",hamstring,Questionable,RB,2014,13
116,"Foster, Arian",groin,Probable,RB,2014,13
135,"Helu Jr., Roy",strained quadriceps,Day-to-Day,RB,2014,13
138,"Paul, Niles",concussion,Day-to-Day,TE,2014,13
140,"Redd Jr., Silas",rib,Questionable,RB,2014,13
141,"Reed, Jordan",hamstring,Questionable,TE,2014,13
144,"Young, Darrel",sprained back,Day-to-Day,RB,2014,13
145,"Allen, Dwayne",ankle,Out,TE,2014,13
157,"Richardson, Trent",hamstring,Day-to-Day,RB,2014,13
164,"Jennings, Rashad",knee,Day-to-Day,RB,2014,13
179,"Gerhart, Toby",foot,Day-to-Day,RB,2014,13
182,"Lewis, Marcedes",high left ankle sprain,Injured Reserve (DFR),TE,2014,13
191,"Stewart, Jonathan",right knee contusion,Day-to-Day,RB,2014,13
192,"Tolbert, Mike",knee,Probable,RB,2014,13
193,"Williams, DeAngelo",ankle,Day-to-Day,RB,2014,13
194,"Asiata, Matt",concussion,Probable,RB,2014,13
198,"Ford, Chase","hamstring, foot",Questionable,TE,2014,13
202,"McKinnon, Jerick",low back,Doubtful,RB,2014,13
204,"Rudolph, Kyle","abdomen, groin",Probable,TE,2014,13
210,"Graham, Jimmy",right shoulder,Day-to-Day,TE,2014,13
215,"Robinson, Khiry",forearm,Out,RB,2014,13
216,"Thomas, Pierre","rib, shoulder",Probable,RB,2014,13
217,"Watson, Benjamin",groin,Day-to-Day,TE,2014,13
224,"Miller, Heath",not injury related,Probable,TE,2014,13
234,"Leonhardt, Brian",concussion,Probable,TE,2014,13
235,"Murray, Latavius",concussion,Out,RB,2014,13
241,"Cook, Jared",back,Probable,TE,2014,13
243,"Harkey, Cory",thigh,Probable,TE,2014,13
255,"Eifert, Tyler",elbow,Injured Reserve (DFR),TE,2014,13
269,"Myers, Brandon",calf,Questionable,TE,2014,13
270,"Seferian-Jenkins, Austin",back,Questionable,TE,2014,13
271,"Sims, Charles",ankle,Probable,RB,2014,13
272,"Stocker, Luke",concussion,Questionable,TE,2014,13
279,"Ellington, Andre","foot, hip",Probable,RB,2014,13
303,"Vereen, Shane",ankle,Questionable,RB,2014,13
306,"Bostick, Brandon",hip,Probable,TE,2014,13
312,"Ball, Montee",groin,Out,RB,2014,13
315,"Green, Virgil",calf,Probable,TE,2014,13
316,"Hillman, Ronnie",foot,Out,RB,2014,13
321,"Thomas, Julius",ankle,Questionable,TE,2014,13
322,"Thompson, Juwan",knee,Probable,RB,2014,13
327,"Charles, Jamaal",high ankle sprain,Day-to-Day,RB,2014,13
329,"Fasano, Anthony",knee,Probable,TE,2014,13
338,"Clay, Charles","hamstring, knee",Doubtful,TE,2014,13
349,"Amaro, Jace",concussion,Out,TE,2014,13
352,"Conner, John",groin,Probable,RB,2014,13
356,"Ivory, Chris",shoulder,Probable,RB,2014,13
358,"Johnson, Chris",knee,Probable,RB,2014,13
361,"Powell, Bilal",illness,Probable,RB,2014,13
14,"Bennett, Martellus",foot,Probable,TE,2014,14
31,"Miller, Heath",not injury related,Probable,TE,2014,14
38,"Eifert, Tyler",elbow,Injured Reserve (DFR),TE,2014,14
41,"Hewitt, Ryan",illness,Probable,TE,2014,14
49,"Allen, Dwayne",ankle,Probable,TE,2014,14
62,"Richardson, Trent",hamstring,Day-to-Day,RB,2014,14
67,"Barnidge, Gary",ribs,Out,TE,2014,14
68,"Cameron, Jordan",concussion,Questionable,TE,2014,14
69,"Crowell, Isaiah",hip,Questionable,RB,2014,14
87,"Myers, Brandon",calf,Questionable,TE,2014,14
88,"Rainey, Bobby",ankle,Questionable,RB,2014,14
89,"Seferian-Jenkins, Austin",back,Questionable,TE,2014,14
90,"Sims, Charles",right ankle surgery,Injured Reserve (DFR),RB,2014,14
91,"Stocker, Luke",concussion,Probable,TE,2014,14
93,"Bush, Reggie","ankle, back",Probable,RB,2014,14
95,"Fauria, Joseph",ankle,Day-to-Day,TE,2014,14
98,"Riddick, Theo",toe,Probable,RB,2014,14
105,"Denham, Anthony",illness,Probable,TE,2014,14
107,"Foster, Arian",groin,Probable,RB,2014,14
108,"Graham, Garrett",ankle,Out,TE,2014,14
124,"Gerhart, Toby",shoulder,Probable,RB,2014,14
127,"Lewis, Marcedes",high left ankle sprain,Injured Reserve (DFR),TE,2014,14
133,"Daniels, Owen",not injury related,Probable,TE,2014,14
134,"Forsett, Justin",knee,Questionable,RB,2014,14
135,"Gillmore, Crockett",back,Questionable,TE,2014,14
146,"Clay, Charles",hamstring,Questionable,TE,2014,14
158,"Amaro, Jace",concussion,Out,TE,2014,14
160,"Cumberland, Jeff",illness,Probable,TE,2014,14
163,"Johnson, Chris",knee,Probable,RB,2014,14
172,"Ellison, Rhett",ankle,Probable,TE,2014,14
174,"Ford, Chase","hamstring, foot",Probable,TE,2014,14
175,"McKinnon, Jerick",low back,Out,RB,2014,14
178,"Rudolph, Kyle","abdomen, groin",Probable,TE,2014,14
183,"Olsen, Greg",knee,Questionable,TE,2014,14
185,"Stewart, Jonathan",right knee contusion,Day-to-Day,RB,2014,14
186,"Tolbert, Mike",hairline fracture right leg,Injured Reserve (DFR),RB,2014,14
187,"Williams, DeAngelo",hand,Out,RB,2014,14
189,"Cadet, Travaris",hamstring,Probable,RB,2014,14
192,"Graham, Jimmy",right shoulder,Day-to-Day,TE,2014,14
193,"Ingram, Mark","ankle, toe",Probable,RB,2014,14
195,"Robinson, Khiry",forearm,Probable,RB,2014,14
196,"Watson, Benjamin",groin,Day-to-Day,TE,2014,14
200,"Jennings, Rashad",ankle,Questionable,RB,2014,14
209,"McCluster, Dexter",knee,Day-to-Day,RB,2014,14
212,"Walker, Delanie",concussion,Day-to-Day,TE,2014,14
235,"Helu Jr., Roy",strained quadriceps,Day-to-Day,RB,2014,14
241,"Paul, Niles",concussion,Day-to-Day,TE,2014,14
244,"Redd Jr., Silas",rib,Probable,RB,2014,14
247,"Young, Darrel",sprained back,Day-to-Day,RB,2014,14
251,"Charles, Jamaal",knee,Probable,RB,2014,14
253,"Fasano, Anthony",knee,Probable,TE,2014,14
267,"Ellington, Andre",hip,Out,RB,2014,14
280,"Gragg, Chris",knee,Out,TE,2014,14
282,"Jackson, Fred",groin,Day-to-Day,RB,2014,14
284,"Spiller, C.J.",broken left collarbone,Injured Reserve (DFR),RB,2014,14
289,"Anderson, C.J.",ankle,Probable,RB,2014,14
290,"Ball, Montee",groin,Out,RB,2014,14
293,"Hillman, Ronnie",foot,Out,RB,2014,14
301,"Tamme, Jacob",ribs,Questionable,TE,2014,14
303,"Thomas, Julius",ankle,Questionable,TE,2014,14
304,"Thompson, Juwan",knee,Probable,RB,2014,14
312,"Davis, Vernon",back,Day-to-Day,TE,2014,14
315,"Hyde, Carlos",shoulder,Probable,RB,2014,14
319,"McDonald, Vance",back,Out,TE,2014,14
326,"Leonhardt, Brian",concussion,Out,TE,2014,14
328,"Murray, Latavius",concussion,Probable,RB,2014,14
333,"Helfet, Cooper",ankle,Doubtful,TE,2014,14
335,"Lynch, Marshawn",back,Probable,RB,2014,14
340,"Burton, Trey",hamstring,Questionable,TE,2014,14
345,"Polk, Chris",ankle,Probable,RB,2014,14
358,"Vereen, Shane",ankle,Questionable,RB,2014,14
360,"Brown, Donald",concussion,Day-to-Day,RB,2014,14
367,"Mathews, Ryan",knee,Day-to-Day,RB,2014,14
380,"Lacy, Eddie",hip,Day-to-Day,RB,2014,14
13,"Harkey, Cory",knee,Probable,TE,2014,15
24,"Miller, Heath",not injury related,Probable,TE,2014,15
33,"DiMarco, Patrick",illness,Questionable,RB,2014,15
46,"Gerhart, Toby",ankle,Probable,RB,2014,15
49,"Lewis, Marcedes",high left ankle sprain,Injured Reserve (DFR),TE,2014,15
50,"Robinson, Denard",foot,Out,RB,2014,15
53,"Daniels, Owen",not injury related,Probable,TE,2014,15
54,"Gillmore, Crockett",back,Questionable,TE,2014,15
61,"Taliaferro, Lorenzo",foot,Questionable,RB,2014,15
64,"Lacy, Eddie",hip,Probable,RB,2014,15
72,"Gragg, Chris",knee,Out,TE,2014,15
73,"Jackson, Fred",groin,Day-to-Day,RB,2014,15
75,"Spiller, C.J.",broken left collarbone,Injured Reserve (DFR),RB,2014,15
83,"Myers, Brandon",calf,Probable,TE,2014,15
85,"Rainey, Bobby",ankle,Questionable,RB,2014,15
86,"Seferian-Jenkins, Austin",back,Questionable,TE,2014,15
87,"Sims, Charles",right ankle surgery,Injured Reserve (DFR),RB,2014,15
94,"Olsen, Greg",knee,Probable,TE,2014,15
97,"Stewart, Jonathan",hip,Probable,RB,2014,15
98,"Tolbert, Mike",hairline fracture right leg,Injured Reserve (DFR),RB,2014,15
99,"Williams, DeAngelo",hand,Doubtful,RB,2014,15
100,"Eifert, Tyler",elbow,Injured Reserve (DFR),TE,2014,15
101,"Gresham, Jermaine",toe,Questionable,TE,2014,15
110,"Barnidge, Gary",ribs,Out,TE,2014,15
112,"Cameron, Jordan",concussion,Day-to-Day,TE,2014,15
113,"Crowell, Isaiah",hip,Probable,RB,2014,15
120,"Winston, Glenn",illness,Probable,RB,2014,15
125,"Foster, Arian",groin,Probable,RB,2014,15
126,"Graham, Garrett",ankle,Out,TE,2014,15
135,"Allen, Dwayne",ankle,Day-to-Day,TE,2014,15
146,"Richardson, Trent",hamstring,Day-to-Day,RB,2014,15
155,"Leonhardt, Brian",concussion,Out,TE,2014,15
158,"Murray, Latavius",concussion,Day-to-Day,RB,2014,15
167,"Charles, Jamaal","knee, ankle",Probable,RB,2014,15
168,"Fasano, Anthony",knee,Probable,TE,2014,15
177,"Clay, Charles","hamstring, knee",Questionable,TE,2014,15
185,"Sims, Dion",neck,Probable,TE,2014,15
198,"Vereen, Shane",ankle,Questionable,RB,2014,15
208,"Helu Jr., Roy",toe,Out,RB,2014,15
213,"Paul, Niles",concussion,Day-to-Day,TE,2014,15
217,"Young, Darrel",sprained back,Day-to-Day,RB,2014,15
221,"Jennings, Rashad",knee,Day-to-Day,RB,2014,15
225,"Anderson, C.J.",ankle,Probable,RB,2014,15
228,"Hillman, Ronnie",foot,Questionable,RB,2014,15
235,"Tamme, Jacob",ribs,Questionable,TE,2014,15
237,"Thomas, Julius",ankle,Probable,TE,2014,15
238,"Thompson, Juwan",knee,Probable,RB,2014,15
242,"Brown, Donald",concussion,Day-to-Day,RB,2014,15
244,"Green, Ladarius","concussion, ankle",Questionable,TE,2014,15
247,"Mathews, Ryan",ankle,Questionable,RB,2014,15
252,"Amaro, Jace",concussion,Probable,TE,2014,15
257,"Johnson, Chris",knee,Probable,RB,2014,15
266,"McCluster, Dexter",knee,Day-to-Day,RB,2014,15
270,"Walker, Delanie",concussion,Day-to-Day,TE,2014,15
276,"Felton, Jerome",neck,Probable,RB,2014,15
283,"Bush, Reggie",ankle,Questionable,RB,2014,15
297,"Davis, Vernon",back,Day-to-Day,TE,2014,15
298,"Gore, Frank",concussion,Day-to-Day,RB,2014,15
306,"Helfet, Cooper",ankle,Questionable,TE,2014,15
308,"Lynch, Marshawn",back,Probable,RB,2014,15
321,"Burton, Trey",hamstring,Probable,TE,2014,15
327,"Polk, Chris",ankle,Probable,RB,2014,15
333,"Graham, Jimmy",right shoulder,Day-to-Day,TE,2014,15
337,"Watson, Benjamin",groin,Day-to-Day,TE,2014,15
2,"McCluster, Dexter",knee,Out,RB,2014,16
6,"Walker, Delanie",knee,Questionable,TE,2014,16
14,"Gerhart, Toby",foot,Day-to-Day,RB,2014,16
18,"Lewis, Marcedes",high left ankle sprain,Injured Reserve (DFR),TE,2014,16
24,"Celek, Brent",neck,Probable,TE,2014,16
33,"Polk, Chris",ankle,Probable,RB,2014,16
42,"Helu Jr., Roy",toe,Probable,RB,2014,16
47,"Paul, Niles",concussion,Day-to-Day,TE,2014,16
49,"Reed, Jordan",not injury related,Probable,TE,2014,16
54,"Young, Darrel",sprained back,Day-to-Day,RB,2014,16
56,"Brown, Donald",concussion,Day-to-Day,RB,2014,16
58,"Green, Ladarius","ankle, concussion",Questionable,TE,2014,16
61,"Mathews, Ryan",ankle,Out,RB,2014,16
72,"Davis, Vernon",back,Day-to-Day,TE,2014,16
74,"Gore, Frank",concussion,Questionable,RB,2014,16
75,"Hyde, Carlos",ankle,Out,RB,2014,16
80,"Nelson, Kyle",back,Probable,TE,2014,16
84,"Barnidge, Gary",rib,Questionable,TE,2014,16
85,"Cameron, Jordan",concussion,Day-to-Day,TE,2014,16
100,"Stewart, Jonathan",right knee contusion,Day-to-Day,RB,2014,16
101,"Tolbert, Mike",hairline fracture right leg,Injured Reserve (DFR),RB,2014,16
102,"Williams, DeAngelo",hand,Questionable,RB,2014,16
103,"Bush, Reggie",ankle,Day-to-Day,RB,2014,16
124,"Daniels, Owen",not injury related,Probable,TE,2014,16
129,"Pierce, Bernard",back,Probable,RB,2014,16
135,"Foster, Arian",hip,Probable,RB,2014,16
136,"Graham, Garrett",ankle,Out,TE,2014,16
147,"Asiata, Matt",foot,Probable,RB,2014,16
160,"Rudolph, Kyle","ankle, knee",Doubtful,TE,2014,16
162,"Clay, Charles","hamstring, knee",Probable,TE,2014,16
172,"Thomas, Daniel",knee,Doubtful,RB,2014,16
184,"Graham, Jimmy",right shoulder,Day-to-Day,TE,2014,16
187,"Watson, Benjamin",groin,Day-to-Day,TE,2014,16
190,"Blount, LeGarrette",shoulder,Questionable,RB,2014,16
200,"Vereen, Shane",ankle,Questionable,RB,2014,16
203,"Amaro, Jace",concussion,Day-to-Day,TE,2014,16
210,"Johnson, Chris",knee,Probable,RB,2014,16
222,"Charles, Jamaal","knee, ankle",Probable,RB,2014,16
223,"Fasano, Anthony",knee,Probable,TE,2014,16
237,"Miller, Heath",not injury related,Probable,TE,2014,16
243,"Spaeth, Matt",elbow,Questionable,TE,2014,16
249,"Lacy, Eddie",eye,Probable,RB,2014,16
263,"Rainey, Bobby",wrist,Probable,RB,2014,16
264,"Sims, Charles",right ankle surgery,Injured Reserve (DFR),RB,2014,16
267,"Jennings, Rashad",ankle,Out,RB,2014,16
273,"Allen, Dwayne",ankle,Day-to-Day,TE,2014,16
283,"Richardson, Trent",hamstring,Day-to-Day,RB,2014,16
294,"Murray, DeMarco",hand,Questionable,RB,2014,16
302,"Dixon, Boobie",chest,Probable,RB,2014,16
304,"Gragg, Chris",knee,Probable,TE,2014,16
305,"Jackson, Fred",groin,Day-to-Day,RB,2014,16
307,"Spiller, C.J.",shoulder,Probable,RB,2014,16
317,"Leonhardt, Brian",concussion,Out,TE,2014,16
319,"Murray, Latavius",concussion,Day-to-Day,RB,2014,16
324,"Helfet, Cooper",ankle,Probable,TE,2014,16
326,"Lynch, Marshawn",back,Probable,RB,2014,16
327,"Moeaki, Tony",shoulder,Questionable,TE,2014,16
346,"Williams, Kerwynn",knee,Probable,RB,2014,16
347,"Anderson, C.J.",ankle,Probable,RB,2014,16
351,"Hillman, Ronnie",foot,Questionable,RB,2014,16
358,"Tamme, Jacob",ribs,Probable,TE,2014,16
360,"Thomas, Julius",ankle,Probable,TE,2014,16
361,"Thompson, Juwan","hip, knee",Questionable,RB,2014,16
365,"Eifert, Tyler",elbow,Injured Reserve (DFR),TE,2014,16
366,"Gresham, Jermaine",toe,Probable,TE,2014,16
0,"Barnidge, Gary",rib,Questionable,TE,2014,17
2,"Cameron, Jordan",concussion,Day-to-Day,TE,2014,17
12,"Taylor, Ryan",elbow,Questionable,TE,2014,17
17,"Toussaint, Fitzgerald",ribs,Questionable,RB,2014,17
23,"Gerhart, Toby",ribs,Probable,RB,2014,17
26,"Lewis, Marcedes",high left ankle sprain,Injured Reserve (DFR),TE,2014,17
33,"Fiedorowicz, C.J.",shoulder,Probable,TE,2014,17
34,"Foster, Arian",not injury related,Probable,RB,2014,17
35,"Graham, Garrett",ankle,Out,TE,2014,17
48,"Brown, Donald",concussion,Day-to-Day,RB,2014,17
51,"Mathews, Ryan",ankle,Out,RB,2014,17
60,"Charles, Jamaal","hamstring, ankle",Questionable,RB,2014,17
61,"Fasano, Anthony",knee,Probable,TE,2014,17
69,"Amaro, Jace",concussion,Day-to-Day,TE,2014,17
75,"Ivory, Chris",hamstring,Probable,RB,2014,17
77,"Johnson, Chris",knee,Probable,RB,2014,17
86,"Clay, Charles","hamstring, knee",Probable,TE,2014,17
96,"Thomas, Daniel",knee,Probable,RB,2014,17
108,"Asiata, Matt",foot,Probable,RB,2014,17
114,"Ford, Chase",foot,Probable,TE,2014,17
125,"Jackson, Fred",groin,Day-to-Day,RB,2014,17
126,"Spiller, C.J.",broken left collarbone,Injured Reserve (DFR),RB,2014,17
130,"Blount, LeGarrette",shoulder,Questionable,RB,2014,17
138,"Gray, Jonas",ankle,Out,RB,2014,17
144,"Vereen, Shane",ankle,Questionable,RB,2014,17
149,"Burton, Trey",back,Probable,TE,2014,17
159,"Jennings, Rashad",ankle,Probable,RB,2014,17
163,"Williams, Andre",shoulder,Questionable,RB,2014,17
167,"Graham, Jimmy",right shoulder,Day-to-Day,TE,2014,17
171,"Watson, Benjamin",groin,Day-to-Day,TE,2014,17
178,"Rainey, Bobby",wrist,Questionable,RB,2014,17
179,"Sims, Charles",right ankle surgery,Injured Reserve (DFR),RB,2014,17
180,"Allen, Dwayne",knee,Out,TE,2014,17
188,"Richardson, Trent",hamstring,Day-to-Day,RB,2014,17
199,"Walker, Delanie",concussion,Day-to-Day,TE,2014,17
208,"Murray, DeMarco","hand, illness",Probable,RB,2014,17
221,"Helu Jr., Roy",strained quadriceps,Day-to-Day,RB,2014,17
227,"Paul, Niles",concussion,Day-to-Day,TE,2014,17
232,"Young, Darrel",ankle,Probable,RB,2014,17
234,"Stewart, Jonathan",right knee contusion,Day-to-Day,RB,2014,17
235,"Tolbert, Mike",hairline fracture right leg,Injured Reserve (DFR),RB,2014,17
236,"Williams, DeAngelo",hand,Probable,RB,2014,17
240,"Jackson, Steven",quadriceps,Questionable,RB,2014,17
244,"Bell, Joique",Achilles,Probable,RB,2014,17
245,"Bush, Reggie",ankle,Day-to-Day,RB,2014,17
252,"Lacy, Eddie",hip,Day-to-Day,RB,2014,17
266,"Murray, Latavius",concussion,Day-to-Day,RB,2014,17
269,"Anderson, C.J.",ankle,Probable,RB,2014,17
275,"Hillman, Ronnie",foot,Probable,RB,2014,17
282,"Tamme, Jacob",foot,Probable,TE,2014,17
284,"Thomas, Julius",ankle,Probable,TE,2014,17
285,"Thompson, Juwan","hip, knee",Probable,RB,2014,17
295,"Carlson, John",calf,Questionable,TE,2014,17
312,"Davis, Vernon",back,Day-to-Day,TE,2014,17
314,"Gore, Frank",concussion,Day-to-Day,RB,2014,17
315,"Hyde, Carlos",ankle,Out,RB,2014,17
326,"Helfet, Cooper",ribs,Questionable,TE,2014,17
329,"Lynch, Marshawn",back,Probable,RB,2014,17
331,"Moeaki, Tony",shoulder,Probable,TE,2014,17
338,"Eifert, Tyler",elbow,Injured Reserve (DFR),TE,2014,17
350,"Palmer, Michael",groin,Questionable,TE,2014,17
353,"Spaeth, Matt",elbow,Probable,TE,2014,17
