,name,team,g,rec_target,rec_rec,rec_yd,rec_td,fp,fpg,season,week,next_fp,rush_att,rush_yd,rush_td
446,A.J. Derby,DEN,1,1,0,0,0,0.0,0.0,2016,9,2.2,,,
485,A.J. Derby,DEN,1,3,2,22,0,2.2,2.2,2016,10,4.3,,,
571,A.J. Derby,DEN,1,4,4,43,0,4.3,4.3,2016,12,5.7,,,
662,A.J. Derby,DEN,1,5,5,57,0,5.7,5.7,2016,14,3.5,,,
723,A.J. Derby,DEN,1,6,4,35,0,3.5,3.5,2016,15,3.4,,,
870,A.J. Derby,DEN,1,3,3,34,0,3.4,3.4,2017,1,0.5,,,
997,A.J. Derby,DEN,1,2,1,5,0,0.5,0.5,2017,3,13.5,,,
1003,A.J. Derby,DEN,1,6,4,75,1,13.5,13.5,2017,4,1.0,,,
1138,A.J. Derby,DEN,1,4,1,10,0,1.0,1.0,2017,6,6.6,,,
1165,A.J. Derby,DEN,1,7,6,66,0,6.6,6.6,2017,7,8.1,,,
1207,A.J. Derby,DEN,1,4,2,21,1,8.1,8.1,2017,8,1.1,,,
1282,A.J. Derby,DEN,1,3,1,11,0,1.1,1.1,2017,9,0.2,,,
1340,A.J. Derby,DEN,1,1,1,2,0,0.2,0.2,2017,10,1.1,,,
1640,A.J. Derby,MIA,1,5,1,11,0,1.1,1.1,2017,16,0.9,,,
1687,A.J. Derby,MIA,1,4,1,9,0,0.9,0.9,2017,17,,,,
964,Adam Shaheen,CHI,1,1,1,2,1,6.2,6.2,2017,3,3.9,,,
1318,Adam Shaheen,CHI,1,2,2,39,0,3.9,3.9,2017,10,10.1,,,
1354,Adam Shaheen,CHI,1,4,4,41,1,10.1,10.1,2017,11,10.4,,,
1505,Adam Shaheen,CHI,1,5,4,44,1,10.4,10.4,2017,14,,,,
198,Alan Cross,TB,1,1,0,0,0,0.0,0.0,2016,4,0.5,,,
237,Alan Cross,TB,1,1,1,5,0,0.5,0.5,2016,5,6.3,,,
513,Alan Cross,TB,1,1,1,3,1,6.3,6.3,2016,11,1.0,,,
595,Alan Cross,TB,1,1,1,10,0,1.0,1.0,2016,12,0.8,,,
642,Alan Cross,TB,1,2,1,8,0,0.8,0.8,2016,13,0.0,,,
848,Alan Cross,TB,1,1,0,0,0,0.0,0.0,2016,17,0.5,,,
996,Alan Cross,TB,1,1,1,5,0,0.5,0.5,2017,3,1.3,,,
1494,Alan Cross,TB,1,1,1,13,0,1.3,1.3,2017,13,2.3,,,
1580,Alan Cross,TB,1,2,1,23,0,2.3,2.3,2017,15,1.1,,,
1682,Alan Cross,TB,1,1,1,11,0,1.1,1.1,2017,17,,,,
199,Anthony Fasano,TEN,1,1,0,0,0,0.0,0.0,2016,4,1.0,,,
230,Anthony Fasano,TEN,1,1,1,10,0,1.0,1.0,2016,5,7.5,,,
263,Anthony Fasano,TEN,1,1,1,15,1,7.5,7.5,2016,6,1.0,,,
333,Anthony Fasano,TEN,1,2,1,10,0,1.0,1.0,2016,7,0.9,,,
443,Anthony Fasano,TEN,1,1,1,9,0,0.9,0.9,2016,9,6.9,,,
462,Anthony Fasano,TEN,1,1,1,9,1,6.9,6.9,2016,10,1.7,,,
684,Anthony Fasano,TEN,1,2,1,17,0,1.7,1.7,2016,14,1.2,,,
795,Anthony Fasano,TEN,1,1,1,12,0,1.2,1.2,2016,16,8.5,,,
1159,Anthony Fasano,MIA,1,4,3,25,1,8.5,8.5,2017,7,1.1,,,
1237,Anthony Fasano,MIA,1,2,2,11,0,1.1,1.1,2017,8,0.9,,,
1285,Anthony Fasano,MIA,1,2,2,9,0,0.9,0.9,2017,9,2.9,,,
1475,Anthony Fasano,MIA,1,1,1,29,0,2.9,2.9,2017,13,1.7,,,
1524,Anthony Fasano,MIA,1,1,1,17,0,1.7,1.7,2017,14,1.5,,,
1586,Anthony Fasano,MIA,1,2,2,15,0,1.5,1.5,2017,15,,,,
30,Antonio Gates,SD,1,4,3,20,0,2.0,2.0,2016,1,7.5,,,
64,Antonio Gates,SD,1,5,3,15,1,7.5,7.5,2016,2,9.0,,,
207,Antonio Gates,SD,1,5,4,30,1,9.0,9.0,2016,5,1.6,,,
284,Antonio Gates,SD,1,6,2,16,0,1.6,1.6,2016,6,3.8,,,
315,Antonio Gates,SD,1,10,5,38,0,3.8,3.8,2016,7,9.3,,,
357,Antonio Gates,SD,1,9,4,33,1,9.3,9.3,2016,8,13.5,,,
403,Antonio Gates,SD,1,9,5,75,1,13.5,13.5,2016,9,12.3,,,
454,Antonio Gates,SD,1,9,4,63,1,12.3,12.3,2016,10,3.7,,,
620,Antonio Gates,SD,1,4,4,37,0,3.7,3.7,2016,13,6.1,,,
661,Antonio Gates,SD,1,9,5,61,0,6.1,6.1,2016,14,1.1,,,
741,Antonio Gates,SD,1,2,1,11,0,1.1,1.1,2016,15,15.4,,,
752,Antonio Gates,SD,1,13,8,94,1,15.4,15.4,2016,16,11.5,,,
802,Antonio Gates,SD,1,8,5,55,1,11.5,11.5,2016,17,1.7,,,
882,Antonio Gates,LAC,1,3,2,17,0,1.7,1.7,2017,1,7.1,,,
914,Antonio Gates,LAC,1,4,2,11,1,7.1,7.1,2017,2,3.0,,,
971,Antonio Gates,LAC,1,5,2,30,0,3.0,3.0,2017,3,1.8,,,
1037,Antonio Gates,LAC,1,5,3,18,0,1.8,1.8,2017,4,2.3,,,
1079,Antonio Gates,LAC,1,3,2,23,0,2.3,2.3,2017,5,1.6,,,
1131,Antonio Gates,LAC,1,1,1,16,0,1.6,1.6,2017,6,2.5,,,
1220,Antonio Gates,LAC,1,2,2,25,0,2.5,2.5,2017,8,0.3,,,
1338,Antonio Gates,LAC,1,2,1,3,0,0.3,0.3,2017,10,3.2,,,
1472,Antonio Gates,LAC,1,4,3,32,0,3.2,3.2,2017,13,7.0,,,
1564,Antonio Gates,LAC,1,3,1,10,1,7.0,7.0,2017,15,14.1,,,
1601,Antonio Gates,LAC,1,8,6,81,1,14.1,14.1,2017,16,4.6,,,
1659,Antonio Gates,LAC,1,6,4,46,0,4.6,4.6,2017,17,,,,
1497,Antony Auclair,TB,1,1,1,11,0,1.1,1.1,2017,13,1.4,,,
1589,Antony Auclair,TB,1,1,1,14,0,1.4,1.4,2017,15,,,,
38,Austin Hooper,ATL,1,1,1,14,0,1.4,1.4,2016,1,8.4,,,
62,Austin Hooper,ATL,1,3,3,84,0,8.4,8.4,2016,2,10.2,,,
157,Austin Hooper,ATL,1,1,1,42,1,10.2,10.2,2016,4,1.4,,,
227,Austin Hooper,ATL,1,1,1,14,0,1.4,1.4,2016,5,4.1,,,
366,Austin Hooper,ATL,1,5,5,41,0,4.1,4.1,2016,8,10.6,,,
405,Austin Hooper,ATL,1,6,3,46,1,10.6,10.6,2016,9,0.8,,,
492,Austin Hooper,ATL,1,3,1,8,0,0.8,0.8,2016,10,0.8,,,
598,Austin Hooper,ATL,1,2,2,8,0,0.8,0.8,2016,12,6.9,,,
713,Austin Hooper,ATL,1,1,1,9,1,6.9,6.9,2016,15,18.8,,,
850,Austin Hooper,ATL,1,2,2,128,1,18.8,18.8,2017,1,0.9,,,
989,Austin Hooper,ATL,1,2,1,9,0,0.9,0.9,2017,3,5.0,,,
1017,Austin Hooper,ATL,1,7,5,50,0,5.0,5.0,2017,4,4.8,,,
1117,Austin Hooper,ATL,1,9,7,48,0,4.8,4.8,2017,6,10.7,,,
1204,Austin Hooper,ATL,1,6,4,47,1,10.7,10.7,2017,8,3.6,,,
1271,Austin Hooper,ATL,1,6,3,36,0,3.6,3.6,2017,9,10.9,,,
1303,Austin Hooper,ATL,1,6,6,49,1,10.9,10.9,2017,10,3.8,,,
1418,Austin Hooper,ATL,1,5,3,38,0,3.8,3.8,2017,12,2.1,,,
1480,Austin Hooper,ATL,1,4,3,21,0,2.1,2.1,2017,13,2.3,,,
1522,Austin Hooper,ATL,1,4,2,23,0,2.3,2.3,2017,14,1.2,,,
1592,Austin Hooper,ATL,1,2,2,12,0,1.2,1.2,2017,15,1.8,,,
1629,Austin Hooper,ATL,1,4,3,18,0,1.8,1.8,2017,16,3.5,,,
1664,Austin Hooper,ATL,1,3,3,35,0,3.5,3.5,2017,17,,,,
4,Austin Seferian-Jenkins,TB,1,1,1,30,1,9.0,9.0,2016,1,1.4,,,
93,Austin Seferian-Jenkins,TB,1,2,2,14,0,1.4,1.4,2016,2,1.7,,,
224,Austin Seferian-Jenkins,NYJ,1,2,2,17,0,1.7,1.7,2016,5,0.9,,,
596,Austin Seferian-Jenkins,NYJ,1,2,1,9,0,0.9,0.9,2016,12,2.9,,,
624,Austin Seferian-Jenkins,NYJ,1,5,2,29,0,2.9,2.9,2016,13,3.5,,,
668,Austin Seferian-Jenkins,NYJ,1,3,3,35,0,3.5,3.5,2016,14,1.7,,,
791,Austin Seferian-Jenkins,NYJ,1,2,1,17,0,1.7,1.7,2016,16,3.1,,,
969,Austin Seferian-Jenkins,NYJ,1,6,5,31,0,3.1,3.1,2017,3,4.6,,,
1020,Austin Seferian-Jenkins,NYJ,1,4,4,46,0,4.6,4.6,2017,4,8.9,,,
1062,Austin Seferian-Jenkins,NYJ,1,8,6,29,1,8.9,8.9,2017,5,10.6,,,
1105,Austin Seferian-Jenkins,NYJ,1,11,8,46,1,10.6,10.6,2017,6,8.1,,,
1162,Austin Seferian-Jenkins,NYJ,1,5,3,21,1,8.1,8.1,2017,7,2.8,,,
1219,Austin Seferian-Jenkins,NYJ,1,5,5,28,0,2.8,2.8,2017,8,2.0,,,
1278,Austin Seferian-Jenkins,NYJ,1,2,2,20,0,2.0,2.0,2017,9,6.7,,,
1314,Austin Seferian-Jenkins,NYJ,1,9,6,67,0,6.7,6.7,2017,10,2.7,,,
1426,Austin Seferian-Jenkins,NYJ,1,7,2,27,0,2.7,2.7,2017,12,1.3,,,
1590,Austin Seferian-Jenkins,NYJ,1,2,2,13,0,1.3,1.3,2017,15,2.1,,,
1628,Austin Seferian-Jenkins,NYJ,1,8,4,21,0,2.1,2.1,2017,16,,,,
1368,Austin Traylor,DEN,1,5,4,36,0,3.6,3.6,2017,11,3.4,,,
1421,Austin Traylor,DEN,1,4,1,34,0,3.4,3.4,2017,12,1.6,,,
1490,Austin Traylor,DEN,1,2,2,16,0,1.6,1.6,2017,13,1.4,,,
1633,Austin Traylor,DEN,1,2,1,14,0,1.4,1.4,2017,16,,,,
386,Ben Braunecker,CHI,1,1,1,8,0,0.8,0.8,2016,8,1.4,,,
587,Ben Braunecker,CHI,1,2,1,14,0,1.4,1.4,2016,12,1.9,,,
789,Ben Braunecker,CHI,1,3,2,19,0,1.9,1.9,2016,16,,,,
367,Ben Koyack,JAC,1,5,5,41,0,4.1,4.1,2016,8,3.5,,,
475,Ben Koyack,JAC,1,3,3,35,0,3.5,3.5,2016,10,0.0,,,
549,Ben Koyack,JAC,1,1,0,0,0,0.0,0.0,2016,11,2.3,,,
581,Ben Koyack,JAC,1,2,2,23,0,2.3,2.3,2016,12,0.4,,,
649,Ben Koyack,JAC,1,3,1,4,0,0.4,0.4,2016,13,1.9,,,
679,Ben Koyack,JAC,1,2,2,19,0,1.9,1.9,2016,14,1.2,,,
796,Ben Koyack,JAC,1,2,2,12,0,1.2,1.2,2016,16,8.5,,,
811,Ben Koyack,JAC,1,4,3,25,1,8.5,8.5,2016,17,2.1,,,
1129,Ben Koyack,JAC,1,1,1,21,0,2.1,2.1,2017,6,0.7,,,
1197,Ben Koyack,JAC,1,1,1,7,0,0.7,0.7,2017,7,0.0,,,
1346,Ben Koyack,JAC,1,1,0,0,0,0.0,0.0,2017,10,1.0,,,
1643,Ben Koyack,JAC,1,2,2,10,0,1.0,1.0,2017,16,,,,
909,Ben Watson,BAL,1,8,8,91,0,9.1,9.1,2017,2,7.2,,,
963,Ben Watson,BAL,1,3,3,12,1,7.2,7.2,2017,3,4.3,,,
1022,Ben Watson,BAL,1,6,5,43,0,4.3,4.3,2017,4,2.8,,,
1124,Ben Watson,BAL,1,8,6,28,0,2.8,2.8,2017,6,3.8,,,
1174,Ben Watson,BAL,1,5,5,38,0,3.8,3.8,2017,7,6.6,,,
1209,Ben Watson,BAL,1,4,2,6,1,6.6,6.6,2017,8,4.1,,,
1269,Ben Watson,BAL,1,10,7,41,0,4.1,4.1,2017,9,3.3,,,
1369,Ben Watson,BAL,1,1,1,33,0,3.3,3.3,2017,11,2.9,,,
1425,Ben Watson,BAL,1,3,3,29,0,2.9,2.9,2017,12,8.4,,,
1459,Ben Watson,BAL,1,5,3,24,1,8.4,8.4,2017,13,13.4,,,
1553,Ben Watson,BAL,1,4,4,74,1,13.4,13.4,2017,15,4.0,,,
1614,Ben Watson,BAL,1,6,5,40,0,4.0,4.0,2017,16,6.1,,,
1658,Ben Watson,BAL,1,10,7,61,0,6.1,6.1,2017,17,,,,
98,Blake Bell,SF,1,2,1,6,0,0.6,0.6,2016,2,0.4,,,
238,Blake Bell,SF,1,2,1,4,0,0.4,0.4,2016,5,3.0,,,
671,Blake Bell,SF,1,2,1,30,0,3.0,3.0,2016,14,4.5,,,
716,Blake Bell,SF,1,1,1,45,0,4.5,4.5,2016,15,1.2,,,
1043,Blake Bell,MIN,1,1,1,12,0,1.2,1.2,2017,4,0.7,,,
1544,Blake Bell,MIN,1,2,2,7,0,0.7,0.7,2017,14,,,,
231,Brandon Bostick,NYJ,1,1,1,9,0,0.9,0.9,2016,5,0.0,,,
349,Brandon Bostick,NYJ,1,1,0,0,0,0.0,0.0,2016,7,0.4,,,
395,Brandon Bostick,NYJ,1,1,1,4,0,0.4,0.4,2016,8,1.4,,,
586,Brandon Bostick,NYJ,1,2,2,14,0,1.4,1.4,2016,12,1.2,,,
638,Brandon Bostick,NYJ,1,1,1,12,0,1.2,1.2,2016,13,1.7,,,
683,Brandon Bostick,NYJ,1,2,2,17,0,1.7,1.7,2016,14,0.7,,,
842,Brandon Bostick,NYJ,1,1,1,7,0,0.7,0.7,2016,17,,,,
11,Brandon Myers,TB,1,1,1,4,1,6.4,6.4,2016,1,0.7,,,
144,Brandon Myers,TB,1,3,1,7,0,0.7,0.7,2016,3,1.2,,,
229,Brandon Myers,TB,1,1,1,12,0,1.2,1.2,2016,5,0.0,,,
448,Brandon Myers,TB,1,0,0,0,0,0.0,0.0,2016,9,0.6,,,
493,Brandon Myers,TB,1,1,1,6,0,0.6,0.6,2016,10,0.9,,,
696,Brandon Myers,TB,1,1,1,9,0,0.9,0.9,2016,14,2.1,,,
787,Brandon Myers,TB,1,6,2,21,0,2.1,2.1,2016,16,,,,
433,Brandon Williams,SEA,1,2,1,16,0,1.6,1.6,2016,9,2.0,,,
830,Brandon Williams,SEA,1,1,1,20,0,2.0,2.0,2016,17,2.0,,,
936,Brandon Williams,IND,1,1,1,20,0,2.0,2.0,2017,2,0.7,,,
994,Brandon Williams,IND,1,1,1,7,0,0.7,0.7,2017,3,3.2,,,
1029,Brandon Williams,IND,1,2,1,32,0,3.2,3.2,2017,4,1.7,,,
1085,Brandon Williams,IND,1,3,3,17,0,1.7,1.7,2017,5,2.0,,,
1279,Brandon Williams,IND,1,2,2,20,0,2.0,2.0,2017,9,0.8,,,
1543,Brandon Williams,IND,1,3,2,8,0,0.8,0.8,2017,14,,,,
40,Brent Celek,PHI,1,1,1,11,0,1.1,1.1,2016,1,6.1,,,
113,Brent Celek,PHI,1,4,3,61,0,6.1,6.1,2016,3,0.7,,,
337,Brent Celek,PHI,1,2,1,7,0,0.7,0.7,2016,7,0.9,,,
489,Brent Celek,PHI,1,1,1,9,0,0.9,0.9,2016,10,1.9,,,
528,Brent Celek,PHI,1,1,1,19,0,1.9,1.9,2016,11,2.7,,,
784,Brent Celek,PHI,1,3,3,27,0,2.7,2.7,2016,16,0.9,,,
839,Brent Celek,PHI,1,2,1,9,0,0.9,0.9,2016,17,1.1,,,
888,Brent Celek,PHI,1,2,1,11,0,1.1,1.1,2017,1,0.5,,,
1097,Brent Celek,PHI,1,1,1,5,0,0.5,0.5,2017,5,1.4,,,
1233,Brent Celek,PHI,1,2,1,14,0,1.4,1.4,2017,8,3.9,,,
1270,Brent Celek,PHI,1,4,3,39,0,3.9,3.9,2017,9,2.8,,,
1371,Brent Celek,PHI,1,2,1,28,0,2.8,2.8,2017,11,6.5,,,
1513,Brent Celek,PHI,1,3,1,5,1,6.5,6.5,2017,14,1.2,,,
1637,Brent Celek,PHI,1,2,1,12,0,1.2,1.2,2017,16,1.3,,,
1676,Brent Celek,PHI,1,4,3,13,0,1.3,1.3,2017,17,,,,
45,C.J. Fiedorowicz,HOU,1,2,1,6,0,0.6,0.6,2016,1,10.8,,,
156,C.J. Fiedorowicz,HOU,1,5,4,48,1,10.8,10.8,2016,4,6.1,,,
213,C.J. Fiedorowicz,HOU,1,8,4,61,0,6.1,6.1,2016,5,14.5,,,
252,C.J. Fiedorowicz,HOU,1,7,6,85,1,14.5,14.5,2016,6,3.5,,,
316,C.J. Fiedorowicz,HOU,1,7,5,35,0,3.5,3.5,2016,7,10.3,,,
354,C.J. Fiedorowicz,HOU,1,7,5,43,1,10.3,10.3,2016,8,2.6,,,
481,C.J. Fiedorowicz,HOU,1,5,3,26,0,2.6,2.6,2016,10,8.2,,,
509,C.J. Fiedorowicz,HOU,1,10,6,82,0,8.2,8.2,2016,11,4.2,,,
572,C.J. Fiedorowicz,HOU,1,6,4,42,0,4.2,4.2,2016,12,4.4,,,
615,C.J. Fiedorowicz,HOU,1,9,6,44,0,4.4,4.4,2016,13,3.2,,,
670,C.J. Fiedorowicz,HOU,1,7,3,32,0,3.2,3.2,2016,14,4.2,,,
774,C.J. Fiedorowicz,HOU,1,7,4,42,0,4.2,4.2,2016,16,7.2,,,
815,C.J. Fiedorowicz,HOU,1,7,2,12,1,7.2,7.2,2016,17,4.6,,,
860,C.J. Fiedorowicz,HOU,1,4,4,46,0,4.6,4.6,2017,1,1.0,,,
1329,C.J. Fiedorowicz,HOU,1,6,2,10,0,1.0,1.0,2017,10,1.8,,,
1377,C.J. Fiedorowicz,HOU,1,2,2,18,0,1.8,1.8,2017,11,3.7,,,
1419,C.J. Fiedorowicz,HOU,1,8,4,37,0,3.7,3.7,2017,12,1.6,,,
1489,C.J. Fiedorowicz,HOU,1,3,2,16,0,1.6,1.6,2017,13,,,,
13,C.J. Uzomah,CIN,1,5,2,59,0,5.9,5.9,2016,1,0.9,,,
96,C.J. Uzomah,CIN,1,8,3,9,0,0.9,0.9,2016,2,3.1,,,
120,C.J. Uzomah,CIN,1,4,2,31,0,3.1,3.1,2016,3,4.5,,,
169,C.J. Uzomah,CIN,1,5,4,45,0,4.5,4.5,2016,4,4.3,,,
216,C.J. Uzomah,CIN,1,5,5,43,0,4.3,4.3,2016,5,0.6,,,
299,C.J. Uzomah,CIN,1,2,1,6,0,0.6,0.6,2016,6,2.8,,,
783,C.J. Uzomah,CIN,1,6,5,28,0,2.8,2.8,2016,16,7.3,,,
813,C.J. Uzomah,CIN,1,3,3,13,1,7.3,7.3,2016,17,1.1,,,
1046,C.J. Uzomah,CIN,1,1,1,11,0,1.1,1.1,2017,4,2.1,,,
1083,C.J. Uzomah,CIN,1,2,1,21,0,2.1,2.1,2017,5,0.7,,,
1199,C.J. Uzomah,CIN,1,2,1,7,0,0.7,0.7,2017,7,2.1,,,
1481,C.J. Uzomah,CIN,1,1,1,21,0,2.1,2.1,2017,13,2.4,,,
1579,C.J. Uzomah,CIN,1,4,4,24,0,2.4,2.4,2017,15,6.1,,,
1610,C.J. Uzomah,CIN,1,1,1,1,1,6.1,6.1,2017,16,0.7,,,
1692,C.J. Uzomah,CIN,1,2,1,7,0,0.7,0.7,2017,17,,,,
22,Cameron Brate,TB,1,4,3,30,0,3.0,3.0,2016,1,1.6,,,
90,Cameron Brate,TB,1,4,3,16,0,1.6,1.6,2016,2,16.6,,,
102,Cameron Brate,TB,1,10,5,46,2,16.6,16.6,2016,3,6.7,,,
162,Cameron Brate,TB,1,8,5,67,0,6.7,6.7,2016,4,3.8,,,
218,Cameron Brate,TB,1,3,1,38,0,3.8,3.8,2016,5,2.9,,,
317,Cameron Brate,TB,1,3,3,29,0,2.9,2.9,2016,7,8.2,,,
360,Cameron Brate,TB,1,5,3,22,1,8.2,8.2,2016,8,10.3,,,
406,Cameron Brate,TB,1,6,5,43,1,10.3,10.3,2016,9,14.4,,,
451,Cameron Brate,TB,1,7,7,84,1,14.4,14.4,2016,10,1.8,,,
529,Cameron Brate,TB,1,3,2,18,0,1.8,1.8,2016,11,4.9,,,
569,Cameron Brate,TB,1,5,4,49,0,4.9,4.9,2016,12,14.6,,,
603,Cameron Brate,TB,1,9,6,86,1,14.6,14.6,2016,13,4.7,,,
664,Cameron Brate,TB,1,5,4,47,0,4.7,4.7,2016,14,13.3,,,
701,Cameron Brate,TB,1,8,5,73,1,13.3,13.3,2016,15,7.2,,,
765,Cameron Brate,TB,1,2,1,12,1,7.2,7.2,2016,16,2.4,,,
930,Cameron Brate,TB,1,3,2,24,0,2.4,2.4,2017,2,9.3,,,
959,Cameron Brate,TB,1,4,4,33,1,9.3,9.3,2017,3,14.0,,,
1002,Cameron Brate,TB,1,6,4,80,1,14.0,14.0,2017,4,12.8,,,
1053,Cameron Brate,TB,1,9,5,68,1,12.8,12.8,2017,5,13.6,,,
1103,Cameron Brate,TB,1,8,6,76,1,13.6,13.6,2017,6,6.0,,,
1167,Cameron Brate,TB,1,9,6,60,0,6.0,6.0,2017,7,6.4,,,
1210,Cameron Brate,TB,1,5,4,64,0,6.4,6.4,2017,8,0.9,,,
1284,Cameron Brate,TB,1,4,1,9,0,0.9,0.9,2017,9,1.0,,,
1328,Cameron Brate,TB,1,3,1,10,0,1.0,1.0,2017,10,1.2,,,
1382,Cameron Brate,TB,1,3,1,12,0,1.2,1.2,2017,11,0.6,,,
1447,Cameron Brate,TB,1,2,1,6,0,0.6,0.6,2017,12,15.9,,,
1451,Cameron Brate,TB,1,6,2,39,2,15.9,15.9,2017,13,1.1,,,
1534,Cameron Brate,TB,1,1,1,11,0,1.1,1.1,2017,14,4.9,,,
1568,Cameron Brate,TB,1,5,4,49,0,4.9,4.9,2017,15,1.3,,,
1634,Cameron Brate,TB,1,4,3,13,0,1.3,1.3,2017,16,3.7,,,
1662,Cameron Brate,TB,1,5,3,37,0,3.7,3.7,2017,17,,,,
19,Charles Clay,BUF,1,3,2,40,0,4.0,4.0,2016,1,2.7,,,
82,Charles Clay,BUF,1,7,5,27,0,2.7,2.7,2016,2,4.7,,,
167,Charles Clay,BUF,1,7,5,47,0,4.7,4.7,2016,4,7.3,,,
211,Charles Clay,BUF,1,5,5,73,0,7.3,7.3,2016,5,5.2,,,
265,Charles Clay,BUF,1,7,5,52,0,5.2,5.2,2016,6,2.9,,,
318,Charles Clay,BUF,1,5,2,29,0,2.9,2.9,2016,7,0.6,,,
391,Charles Clay,BUF,1,6,2,6,0,0.6,0.6,2016,8,0.9,,,
442,Charles Clay,BUF,1,4,3,9,0,0.9,0.9,2016,9,2.3,,,
524,Charles Clay,BUF,1,7,5,23,0,2.3,2.3,2016,11,1.7,,,
584,Charles Clay,BUF,1,4,2,17,0,1.7,1.7,2016,12,11.2,,,
653,Charles Clay,BUF,1,6,3,52,1,11.2,11.2,2016,14,13.2,,,
702,Charles Clay,BUF,1,7,7,72,1,13.2,13.2,2016,15,20.5,,,
751,Charles Clay,BUF,1,10,8,85,2,20.5,20.5,2016,16,2.0,,,
829,Charles Clay,BUF,1,7,3,20,0,2.0,2.0,2016,17,11.3,,,
854,Charles Clay,BUF,1,9,4,53,1,11.3,11.3,2017,1,2.3,,,
931,Charles Clay,BUF,1,3,3,23,0,2.3,2.3,2017,2,9.9,,,
958,Charles Clay,BUF,1,6,6,39,1,9.9,9.9,2017,3,11.2,,,
1005,Charles Clay,BUF,1,7,5,112,0,11.2,11.2,2017,4,3.1,,,
1072,Charles Clay,BUF,1,3,2,31,0,3.1,3.1,2017,5,1.3,,,
1327,Charles Clay,BUF,1,3,2,13,0,1.3,1.3,2017,10,2.7,,,
1372,Charles Clay,BUF,1,4,3,27,0,2.7,2.7,2017,11,6.0,,,
1411,Charles Clay,BUF,1,4,4,60,0,6.0,6.0,2017,12,2.0,,,
1482,Charles Clay,BUF,1,3,3,20,0,2.0,2.0,2017,13,1.1,,,
1535,Charles Clay,BUF,1,5,2,11,0,1.1,1.1,2017,14,6.8,,,
1565,Charles Clay,BUF,1,9,5,68,0,6.8,6.8,2017,15,3.7,,,
1616,Charles Clay,BUF,1,10,4,37,0,3.7,3.7,2017,16,6.4,,,
1656,Charles Clay,BUF,1,8,6,64,0,6.4,6.4,2017,17,,,,
799,Chris Manhertz,CAR,1,1,1,10,0,1.0,1.0,2016,16,1.1,,,
1193,Chris Manhertz,CAR,1,2,1,11,0,1.1,1.1,2017,7,0.6,,,
1549,Chris Manhertz,CAR,1,1,1,6,0,0.6,0.6,2017,14,,,,
26,Clive Walford,OAK,1,5,3,25,0,2.5,2.5,2016,1,11.0,,,
55,Clive Walford,OAK,1,7,6,50,1,11.0,11.0,2016,2,2.7,,,
124,Clive Walford,OAK,1,3,2,27,0,2.7,2.7,2016,3,2.3,,,
174,Clive Walford,OAK,1,4,2,23,0,2.3,2.3,2016,4,2.5,,,
279,Clive Walford,OAK,1,2,2,25,0,2.5,2.5,2016,6,0.5,,,
345,Clive Walford,OAK,1,2,1,5,0,0.5,0.5,2016,7,3.1,,,
375,Clive Walford,OAK,1,4,3,31,0,3.1,3.1,2016,8,1.3,,,
438,Clive Walford,OAK,1,3,2,13,0,1.3,1.3,2016,9,2.8,,,
523,Clive Walford,OAK,1,4,2,28,0,2.8,2.8,2016,11,10.3,,,
555,Clive Walford,OAK,1,4,3,43,1,10.3,10.3,2016,12,1.8,,,
629,Clive Walford,OAK,1,3,1,18,0,1.8,1.8,2016,13,2.1,,,
678,Clive Walford,OAK,1,3,2,21,0,2.1,2.1,2016,14,1.3,,,
739,Clive Walford,OAK,1,3,1,13,0,1.3,1.3,2016,15,8.0,,,
761,Clive Walford,OAK,1,2,2,20,1,8.0,8.0,2016,16,1.7,,,
833,Clive Walford,OAK,1,3,1,17,0,1.7,1.7,2016,17,5.7,,,
1464,Clive Walford,OAK,1,4,4,57,0,5.7,5.7,2017,13,1.3,,,
1530,Clive Walford,OAK,1,4,2,13,0,1.3,1.3,2017,14,,,,
46,Coby Fleener,NO,1,4,1,6,0,0.6,0.6,2016,1,2.9,,,
80,Coby Fleener,NO,1,8,2,29,0,2.9,2.9,2016,2,16.9,,,
101,Coby Fleener,NO,1,11,7,109,1,16.9,16.9,2016,3,1.9,,,
177,Coby Fleener,NO,1,5,3,19,0,1.9,1.9,2016,4,19.6,,,
251,Coby Fleener,NO,1,7,6,74,1,19.6,19.6,2016,6,4.4,,,
312,Coby Fleener,NO,1,2,2,44,0,4.4,4.4,2016,7,3.6,,,
369,Coby Fleener,NO,1,4,4,36,0,3.6,3.6,2016,8,4.2,,,
421,Coby Fleener,NO,1,6,3,42,0,4.2,4.2,2016,9,2.6,,,
482,Coby Fleener,NO,1,2,2,26,0,2.6,2.6,2016,10,7.7,,,
511,Coby Fleener,NO,1,5,3,17,1,7.7,7.7,2016,11,5.9,,,
567,Coby Fleener,NO,1,4,4,59,0,5.9,5.9,2016,12,8.6,,,
608,Coby Fleener,NO,1,7,5,86,0,8.6,8.6,2016,13,1.0,,,
743,Coby Fleener,NO,1,3,2,10,0,1.0,1.0,2016,15,3.0,,,
782,Coby Fleener,NO,1,3,2,30,0,3.0,3.0,2016,16,3.8,,,
824,Coby Fleener,NO,1,8,3,38,0,3.8,3.8,2016,17,11.4,,,
853,Coby Fleener,NO,1,6,5,54,1,11.4,11.4,2017,1,9.3,,,
908,Coby Fleener,NO,1,4,3,33,1,9.3,9.3,2017,2,2.1,,,
974,Coby Fleener,NO,1,1,1,21,0,2.1,2.1,2017,3,2.1,,,
1034,Coby Fleener,NO,1,4,2,21,0,2.1,2.1,2017,4,0.0,,,
1145,Coby Fleener,NO,1,1,0,0,0,0.0,0.0,2017,6,2.2,,,
1180,Coby Fleener,NO,1,3,2,22,0,2.2,2.2,2017,7,4.6,,,
1267,Coby Fleener,NO,1,2,2,46,0,4.6,4.6,2017,9,0.0,,,
1344,Coby Fleener,NO,1,1,0,0,0,0.0,0.0,2017,10,9.1,,,
1356,Coby Fleener,NO,1,5,5,91,0,9.1,9.1,2017,11,0.8,,,
1444,Coby Fleener,NO,1,2,1,8,0,0.8,0.8,2017,12,,,,
48,Cole Wick,DET,1,1,1,5,0,0.5,0.5,2016,1,1.3,,,
139,Cole Wick,DET,1,1,1,13,0,1.3,1.3,2016,3,,,,
47,Crockett Gillmore,BAL,1,1,1,5,0,0.5,0.5,2016,1,2.2,,,
87,Crockett Gillmore,BAL,1,3,1,22,0,2.2,2.2,2016,2,1.6,,,
182,Crockett Gillmore,BAL,1,2,2,16,0,1.6,1.6,2016,4,8.8,,,
208,Crockett Gillmore,BAL,1,7,4,28,1,8.8,8.8,2016,5,,,,
558,Daniel Brown,CHI,1,4,3,24,1,8.4,8.4,2016,12,1.3,,,
636,Daniel Brown,CHI,1,2,2,13,0,1.3,1.3,2016,13,4.2,,,
666,Daniel Brown,CHI,1,6,6,42,0,4.2,4.2,2016,14,0.8,,,
748,Daniel Brown,CHI,1,2,1,8,0,0.8,0.8,2016,15,1.9,,,
790,Daniel Brown,CHI,1,4,2,19,0,1.9,1.9,2016,16,1.8,,,
831,Daniel Brown,CHI,1,2,2,18,0,1.8,1.8,2016,17,0.9,,,
1242,Daniel Brown,CHI,1,1,1,9,0,0.9,0.9,2017,8,2.3,,,
1323,Daniel Brown,CHI,1,3,2,23,0,2.3,2.3,2017,10,2.3,,,
1375,Daniel Brown,CHI,1,5,2,23,0,2.3,2.3,2017,11,2.0,,,
1429,Daniel Brown,CHI,1,3,2,20,0,2.0,2.0,2017,12,1.3,,,
1493,Daniel Brown,CHI,1,1,1,13,0,1.3,1.3,2017,13,0.9,,,
1540,Daniel Brown,CHI,1,2,2,9,0,0.9,0.9,2017,14,3.2,,,
1575,Daniel Brown,CHI,1,4,3,32,0,3.2,3.2,2017,15,,,,
995,Darrell Daniels,IND,1,1,1,6,0,0.6,0.6,2017,3,1.3,,,
1090,Darrell Daniels,IND,1,4,1,13,0,1.3,1.3,2017,5,0.7,,,
1195,Darrell Daniels,IND,1,3,1,7,0,0.7,0.7,2017,7,0.0,,,
1341,Darrell Daniels,IND,1,2,0,0,0,0.0,0.0,2017,10,,,,
79,Darren Fells,ARI,1,5,4,31,0,3.1,3.1,2016,2,1.5,,,
133,Darren Fells,ARI,1,2,2,15,0,1.5,1.5,2016,3,0.7,,,
191,Darren Fells,ARI,1,2,2,7,0,0.7,0.7,2016,4,0.8,,,
296,Darren Fells,ARI,1,1,1,8,0,0.8,0.8,2016,6,2.2,,,
525,Darren Fells,ARI,1,1,1,22,0,2.2,2.2,2016,11,0.9,,,
640,Darren Fells,ARI,1,1,1,9,0,0.9,0.9,2016,13,1.2,,,
690,Darren Fells,ARI,1,3,1,12,0,1.2,1.2,2016,14,1.3,,,
737,Darren Fells,ARI,1,1,1,13,0,1.3,1.3,2016,15,9.7,,,
806,Darren Fells,ARI,1,2,1,37,1,9.7,9.7,2016,17,0.8,,,
991,Darren Fells,DET,1,1,1,8,0,0.8,0.8,2017,3,4.0,,,
1023,Darren Fells,DET,1,5,4,40,0,4.0,4.0,2017,4,14.4,,,
1051,Darren Fells,DET,1,2,2,24,2,14.4,14.4,2017,5,8.6,,,
1109,Darren Fells,DET,1,4,2,26,1,8.6,8.6,2017,6,1.2,,,
1235,Darren Fells,DET,1,3,1,12,0,1.2,1.2,2017,8,1.0,,,
1283,Darren Fells,DET,1,1,1,10,0,1.0,1.0,2017,9,0.0,,,
1343,Darren Fells,DET,1,1,0,0,0,0.0,0.0,2017,10,0.9,,,
1388,Darren Fells,DET,1,1,1,9,0,0.9,0.9,2017,11,2.3,,,
1521,Darren Fells,DET,1,1,1,23,0,2.3,2.3,2017,14,1.2,,,
1679,Darren Fells,DET,1,1,1,12,0,1.2,1.2,2017,17,,,,
432,Darren Waller,BAL,1,3,2,17,0,1.7,1.7,2016,9,7.4,,,
460,Darren Waller,BAL,1,2,2,14,1,7.4,7.4,2016,10,1.4,,,
588,Darren Waller,BAL,1,2,2,14,0,1.4,1.4,2016,12,1.5,,,
633,Darren Waller,BAL,1,2,1,15,0,1.5,1.5,2016,13,6.3,,,
660,Darren Waller,BAL,1,3,1,3,1,6.3,6.3,2016,14,1.1,,,
742,Darren Waller,BAL,1,2,1,11,0,1.1,1.1,2016,15,1.1,,,
797,Darren Waller,BAL,1,2,1,11,0,1.1,1.1,2016,16,,,,
173,David Johnson,PIT,1,1,1,26,0,2.6,2.6,2016,4,0.5,,,
343,David Johnson,PIT,1,1,1,5,0,0.5,0.5,2016,7,1.5,,,
435,David Johnson,PIT,1,2,1,15,0,1.5,1.5,2016,9,0.2,,,
496,David Johnson,PIT,1,1,1,2,0,0.2,0.2,2016,10,0.0,,,
548,David Johnson,PIT,1,0,0,0,0,0.0,0.0,2016,11,1.5,,,
688,David Johnson,PIT,1,1,1,15,0,1.5,1.5,2016,14,1.2,,,
740,David Johnson,PIT,1,1,1,12,0,1.2,1.2,2016,15,,,,
1218,David Morgan,MIN,1,3,3,28,0,2.8,2.8,2017,8,6.1,,,
1316,David Morgan,MIN,1,1,1,1,1,6.1,6.1,2017,10,0.5,,,
1399,David Morgan,MIN,1,1,1,5,0,0.5,0.5,2017,11,2.6,,,
1625,David Morgan,MIN,1,2,2,26,0,2.6,2.6,2017,16,3.5,,,
1665,David Morgan,MIN,1,3,3,35,0,3.5,3.5,2017,17,,,,
878,David Njoku,CLE,1,2,2,20,0,2.0,2.0,2017,1,8.7,,,
911,David Njoku,CLE,1,4,3,27,1,8.7,8.7,2017,2,7.2,,,
962,David Njoku,CLE,1,4,2,12,1,7.2,7.2,2017,3,1.1,,,
1045,David Njoku,CLE,1,2,2,11,0,1.1,1.1,2017,4,10.9,,,
1055,David Njoku,CLE,1,3,3,48,1,10.9,10.9,2017,5,5.8,,,
1168,David Njoku,CLE,1,5,2,58,0,5.8,5.8,2017,7,1.9,,,
1228,David Njoku,CLE,1,7,2,19,0,1.9,1.9,2017,8,0.3,,,
1339,David Njoku,CLE,1,6,1,3,0,0.3,0.3,2017,10,1.3,,,
1381,David Njoku,CLE,1,1,1,13,0,1.3,1.3,2017,11,4.7,,,
1415,David Njoku,CLE,1,4,4,47,0,4.7,4.7,2017,12,13.4,,,
1455,David Njoku,CLE,1,6,4,74,1,13.4,13.4,2017,13,1.3,,,
1635,David Njoku,CLE,1,3,1,13,0,1.3,1.3,2017,16,3.8,,,
1661,David Njoku,CLE,1,3,2,38,0,3.8,3.8,2017,17,,,,
17,Delanie Walker,TEN,1,5,3,42,0,4.2,4.2,2016,1,14.3,,,
52,Delanie Walker,TEN,1,6,6,83,1,14.3,14.3,2016,2,3.4,,,
172,Delanie Walker,TEN,1,8,2,34,0,3.4,3.4,2016,4,12.6,,,
203,Delanie Walker,TEN,1,8,5,66,1,12.6,12.6,2016,5,2.1,,,
282,Delanie Walker,TEN,1,2,1,21,0,2.1,2.1,2016,6,14.4,,,
301,Delanie Walker,TEN,1,8,7,84,1,14.4,14.4,2016,7,7.8,,,
362,Delanie Walker,TEN,1,5,4,75,0,7.8,7.8,2016,8,10.2,,,
408,Delanie Walker,TEN,1,9,5,42,1,10.2,10.2,2016,9,18.4,,,
450,Delanie Walker,TEN,1,11,9,124,1,18.4,18.4,2016,10,3.6,,,
518,Delanie Walker,TEN,1,6,4,36,0,3.6,3.6,2016,11,11.0,,,
554,Delanie Walker,TEN,1,4,3,50,1,11.0,11.0,2016,12,3.8,,,
667,Delanie Walker,TEN,1,7,2,30,0,3.8,3.8,2016,14,5.5,,,
714,Delanie Walker,TEN,1,7,6,55,0,5.5,5.5,2016,15,8.3,,,
758,Delanie Walker,TEN,1,8,3,23,1,8.3,8.3,2016,16,3.5,,,
825,Delanie Walker,TEN,1,8,5,35,0,3.5,3.5,2016,17,7.6,,,
857,Delanie Walker,TEN,1,9,7,76,0,7.6,7.6,2017,1,12.2,,,
903,Delanie Walker,TEN,1,4,4,61,0,12.2,12.2,2017,2,3.1,,,
970,Delanie Walker,TEN,1,6,4,31,0,3.1,3.1,2017,3,5.1,,,
1016,Delanie Walker,TEN,1,7,3,51,0,5.1,5.1,2017,4,2.5,,,
1075,Delanie Walker,TEN,1,5,3,25,0,2.5,2.5,2017,5,1.4,,,
1135,Delanie Walker,TEN,1,8,4,17,0,1.4,1.4,2017,6,6.3,,,
1166,Delanie Walker,TEN,1,10,7,63,0,6.3,6.3,2017,7,7.1,,,
1259,Delanie Walker,TEN,1,5,5,71,0,7.1,7.1,2017,9,6.3,,,
1315,Delanie Walker,TEN,1,9,6,63,0,6.3,6.3,2017,10,9.2,,,
1355,Delanie Walker,TEN,1,9,6,92,0,9.2,9.2,2017,11,12.3,,,
1405,Delanie Walker,TEN,1,5,4,63,1,12.3,12.3,2017,12,12.3,,,
1456,Delanie Walker,TEN,1,5,5,63,1,12.3,12.3,2017,13,4.2,,,
1517,Delanie Walker,TEN,1,9,5,42,0,4.2,4.2,2017,14,9.7,,,
1558,Delanie Walker,TEN,1,10,5,37,1,9.7,9.7,2017,15,3.3,,,
1620,Delanie Walker,TEN,1,5,3,33,0,3.3,3.3,2017,16,1.9,,,
1673,Delanie Walker,TEN,1,5,3,19,0,1.9,1.9,2017,17,,,,
31,Demetrius Harris,KC,1,3,2,20,0,2.0,2.0,2016,1,1.4,,,
134,Demetrius Harris,KC,1,3,2,14,0,1.4,1.4,2016,3,1.2,,,
184,Demetrius Harris,KC,1,1,1,12,0,1.2,1.2,2016,4,1.1,,,
293,Demetrius Harris,KC,1,2,1,11,0,1.1,1.1,2016,6,1.0,,,
334,Demetrius Harris,KC,1,3,1,10,0,1.0,1.0,2016,7,1.3,,,
383,Demetrius Harris,KC,1,4,3,13,0,1.3,1.3,2016,8,0.0,,,
447,Demetrius Harris,KC,1,1,0,0,0,0.0,0.0,2016,9,0.0,,,
497,Demetrius Harris,KC,1,1,0,0,0,0.0,0.0,2016,10,0.6,,,
647,Demetrius Harris,KC,1,1,1,6,0,0.6,0.6,2016,13,9.7,,,
754,Demetrius Harris,KC,1,9,6,37,1,9.7,9.7,2016,16,7.5,,,
858,Demetrius Harris,KC,1,2,2,15,1,7.5,7.5,2017,1,2.1,,,
1081,Demetrius Harris,KC,1,3,3,21,0,2.1,2.1,2017,5,0.0,,,
1146,Demetrius Harris,KC,1,2,0,0,0,0.0,0.0,2017,6,1.6,,,
1185,Demetrius Harris,KC,1,3,2,16,0,1.6,1.6,2017,7,0.0,,,
1249,Demetrius Harris,KC,1,2,0,0,0,0.0,0.0,2017,8,0.0,,,
1297,Demetrius Harris,KC,1,1,0,0,0,0.0,0.0,2017,9,3.3,,,
1423,Demetrius Harris,KC,1,2,2,33,0,3.3,3.3,2017,12,2.5,,,
1520,Demetrius Harris,KC,1,3,1,25,0,2.5,2.5,2017,14,3.4,,,
1619,Demetrius Harris,KC,1,7,4,34,0,3.4,3.4,2017,16,7.3,,,
1655,Demetrius Harris,KC,1,4,3,73,0,7.3,7.3,2017,17,,,,
20,Dennis Pitta,BAL,1,4,3,39,0,3.9,3.9,2016,1,10.2,,,
58,Dennis Pitta,BAL,1,12,9,102,0,10.2,10.2,2016,2,4.2,,,
118,Dennis Pitta,BAL,1,8,6,42,0,4.2,4.2,2016,3,1.7,,,
181,Dennis Pitta,BAL,1,5,3,17,0,1.7,1.7,2016,4,5.9,,,
214,Dennis Pitta,BAL,1,8,7,59,0,5.9,5.9,2016,5,3.6,,,
270,Dennis Pitta,BAL,1,10,6,36,0,3.6,3.6,2016,6,4.0,,,
314,Dennis Pitta,BAL,1,10,4,40,0,4.0,4.0,2016,7,1.4,,,
436,Dennis Pitta,BAL,1,3,2,14,0,1.4,1.4,2016,9,2.6,,,
483,Dennis Pitta,BAL,1,6,6,26,0,2.6,2.6,2016,10,3.0,,,
521,Dennis Pitta,BAL,1,5,3,30,0,3.0,3.0,2016,11,3.4,,,
577,Dennis Pitta,BAL,1,5,3,34,0,3.4,3.4,2016,12,21.0,,,
601,Dennis Pitta,BAL,1,11,9,90,2,21.0,21.0,2016,13,1.8,,,
682,Dennis Pitta,BAL,1,5,4,18,0,1.8,1.8,2016,14,1.6,,,
732,Dennis Pitta,BAL,1,2,2,16,0,1.6,1.6,2016,15,7.5,,,
764,Dennis Pitta,BAL,1,11,8,75,0,7.5,7.5,2016,16,9.1,,,
809,Dennis Pitta,BAL,1,16,11,91,0,9.1,9.1,2016,17,,,,
645,Derek Carrier,WAS,1,1,1,6,0,0.6,0.6,2016,13,1.2,,,
887,Derek Carrier,LAR,1,2,1,12,0,1.2,1.2,2017,1,0.9,,,
946,Derek Carrier,LAR,1,1,1,9,0,0.9,0.9,2017,2,1.7,,,
978,Derek Carrier,LAR,1,1,1,17,0,1.7,1.7,2017,3,0.5,,,
1290,Derek Carrier,LAR,1,1,1,5,0,0.5,0.5,2017,9,1.4,,,
1492,Derek Carrier,LAR,1,1,1,14,0,1.4,1.4,2017,13,1.0,,,
1683,Derek Carrier,LAR,1,2,2,10,0,1.0,1.0,2017,17,,,,
88,Dion Sims,MIA,1,1,1,21,0,2.1,2.1,2016,2,4.6,,,
117,Dion Sims,MIA,1,4,4,46,0,4.6,4.6,2016,3,0.9,,,
189,Dion Sims,MIA,1,2,1,9,0,0.9,0.9,2016,4,0.6,,,
235,Dion Sims,MIA,1,3,1,6,0,0.6,0.6,2016,5,1.2,,,
291,Dion Sims,MIA,1,2,1,12,0,1.2,1.2,2016,6,2.0,,,
527,Dion Sims,MIA,1,4,3,20,0,2.0,2.0,2016,11,11.3,,,
552,Dion Sims,MIA,1,4,4,53,1,11.3,11.3,2016,12,3.9,,,
618,Dion Sims,MIA,1,4,3,39,0,3.9,3.9,2016,13,6.9,,,
658,Dion Sims,MIA,1,2,2,9,1,6.9,6.9,2016,14,15.1,,,
700,Dion Sims,MIA,1,4,4,31,2,15.1,15.1,2016,15,3.1,,,
873,Dion Sims,CHI,1,3,2,31,0,3.1,3.1,2017,1,0.8,,,
1049,Dion Sims,CHI,1,1,1,8,0,0.8,0.8,2017,4,1.7,,,
1084,Dion Sims,CHI,1,4,1,17,0,1.7,1.7,2017,5,10.2,,,
1106,Dion Sims,CHI,1,4,2,42,1,10.2,10.2,2017,6,1.5,,,
1232,Dion Sims,CHI,1,5,3,15,0,1.5,1.5,2017,8,3.2,,,
1518,Dion Sims,CHI,1,3,2,32,0,3.2,3.2,2017,14,0.9,,,
1597,Dion Sims,CHI,1,1,1,9,0,0.9,0.9,2017,15,2.4,,,
1626,Dion Sims,CHI,1,3,1,24,0,2.4,2.4,2017,16,,,,
241,Dominique Jones,MIA,1,2,2,4,0,0.4,0.4,2016,5,0.8,,,
297,Dominique Jones,MIA,1,2,1,8,0,0.8,0.8,2016,6,10.2,,,
407,Dominique Jones,MIA,1,4,3,42,1,10.2,10.2,2016,9,0.0,,,
499,Dominique Jones,MIA,1,1,0,0,0,0.0,0.0,2016,10,0.7,,,
644,Dominique Jones,MIA,1,1,1,7,0,0.7,0.7,2016,13,,,,
2,Dwayne Allen,IND,1,6,4,53,1,11.3,11.3,2016,1,2.5,,,
83,Dwayne Allen,IND,1,4,2,25,0,2.5,2.5,2016,2,3.5,,,
119,Dwayne Allen,IND,1,5,3,35,0,3.5,3.5,2016,3,2.0,,,
175,Dwayne Allen,IND,1,4,2,20,0,2.0,2.0,2016,4,11.0,,,
204,Dwayne Allen,IND,1,6,6,50,1,11.0,11.0,2016,5,0.9,,,
294,Dwayne Allen,IND,1,2,1,9,0,0.9,0.9,2016,6,1.5,,,
434,Dwayne Allen,IND,1,2,1,15,0,1.5,1.5,2016,9,0.0,,,
543,Dwayne Allen,IND,1,2,0,0,0,0.0,0.0,2016,11,4.9,,,
568,Dwayne Allen,IND,1,6,5,49,0,4.9,4.9,2016,12,25.2,,,
600,Dwayne Allen,IND,1,4,4,72,3,25.2,25.2,2016,13,1.3,,,
736,Dwayne Allen,IND,1,2,1,13,0,1.3,1.3,2016,15,3.1,,,
781,Dwayne Allen,IND,1,4,3,31,0,3.1,3.1,2016,16,9.4,,,
807,Dwayne Allen,IND,1,3,3,34,1,9.4,9.4,2016,17,0.0,,,
896,Dwayne Allen,NE,1,2,0,0,0,0.0,0.0,2017,1,7.1,,,
1310,Dwayne Allen,NE,1,2,1,11,1,7.1,7.1,2017,10,2.4,,,
1374,Dwayne Allen,NE,1,2,2,24,0,2.4,2.4,2017,11,0.2,,,
1448,Dwayne Allen,NE,1,2,1,2,0,0.2,0.2,2017,12,1.0,,,
1538,Dwayne Allen,NE,1,5,2,10,0,1.0,1.0,2017,14,1.0,,,
1595,Dwayne Allen,NE,1,1,1,10,0,1.0,1.0,2017,15,2.6,,,
1623,Dwayne Allen,NE,1,2,2,26,0,2.6,2.6,2017,16,,,,
127,Ed Dickson,CAR,1,1,1,23,0,2.3,2.3,2016,3,1.7,,,
180,Ed Dickson,CAR,1,2,2,17,0,1.7,1.7,2016,4,8.3,,,
260,Ed Dickson,CAR,1,4,3,23,1,8.3,8.3,2016,6,1.7,,,
431,Ed Dickson,CAR,1,3,2,17,0,1.7,1.7,2016,9,2.6,,,
480,Ed Dickson,CAR,1,2,1,26,0,2.6,2.6,2016,10,0.0,,,
545,Ed Dickson,CAR,1,1,0,0,0,0.0,0.0,2016,11,2.8,,,
727,Ed Dickson,CAR,1,1,1,28,0,2.8,2.8,2016,15,0.0,,,
849,Ed Dickson,CAR,1,1,0,0,0,0.0,0.0,2016,17,0.0,,,
898,Ed Dickson,CAR,1,1,0,0,0,0.0,0.0,2017,1,2.6,,,
926,Ed Dickson,CAR,1,3,2,26,0,2.6,2.6,2017,2,0.8,,,
990,Ed Dickson,CAR,1,1,1,8,0,0.8,0.8,2017,3,6.2,,,
1013,Ed Dickson,CAR,1,4,3,62,0,6.2,6.2,2017,4,17.5,,,
1050,Ed Dickson,CAR,1,5,5,175,0,17.5,17.5,2017,5,3.6,,,
1122,Ed Dickson,CAR,1,8,4,36,0,3.6,3.6,2017,6,1.8,,,
1182,Ed Dickson,CAR,1,5,3,18,0,1.8,1.8,2017,7,2.4,,,
1222,Ed Dickson,CAR,1,5,4,24,0,2.4,2.4,2017,8,0.0,,,
1295,Ed Dickson,CAR,1,2,0,0,0,0.0,0.0,2017,9,9.3,,,
1305,Ed Dickson,CAR,1,5,3,33,1,9.3,9.3,2017,10,1.5,,,
1434,Ed Dickson,CAR,1,3,1,15,0,1.5,1.5,2017,12,1.8,,,
1485,Ed Dickson,CAR,1,2,2,18,0,1.8,1.8,2017,13,2.2,,,
1671,Ed Dickson,CAR,1,3,2,22,0,2.2,2.2,2017,17,,,,
3,Eric Ebron,DET,1,5,5,46,1,10.6,10.6,2016,1,5.3,,,
68,Eric Ebron,DET,1,7,4,53,0,5.3,5.3,2016,2,6.9,,,
107,Eric Ebron,DET,1,8,5,69,0,6.9,6.9,2016,3,4.2,,,
171,Eric Ebron,DET,1,5,4,42,0,4.2,4.2,2016,4,7.9,,,
361,Eric Ebron,DET,1,10,7,79,0,7.9,7.9,2016,8,9.2,,,
410,Eric Ebron,DET,1,8,7,92,0,9.2,9.2,2016,9,13.1,,,
501,Eric Ebron,DET,1,5,3,70,0,13.1,13.1,2016,11,3.8,,,
619,Eric Ebron,DET,1,6,4,38,0,3.8,3.8,2016,13,3.2,,,
669,Eric Ebron,DET,1,5,4,32,0,3.2,3.2,2016,14,3.6,,,
720,Eric Ebron,DET,1,7,4,36,0,3.6,3.6,2016,15,9.3,,,
756,Eric Ebron,DET,1,12,8,93,0,9.3,9.3,2016,16,6.1,,,
819,Eric Ebron,DET,1,6,6,61,0,6.1,6.1,2016,17,0.9,,,
890,Eric Ebron,DET,1,3,2,9,0,0.9,0.9,2017,1,10.2,,,
905,Eric Ebron,DET,1,5,5,42,1,10.2,10.2,2017,2,0.9,,,
988,Eric Ebron,DET,1,7,2,9,0,0.9,0.9,2017,3,2.7,,,
1033,Eric Ebron,DET,1,4,2,27,0,2.7,2.7,2017,4,0.6,,,
1096,Eric Ebron,DET,1,4,1,6,0,0.6,0.6,2017,5,0.9,,,
1141,Eric Ebron,DET,1,3,1,9,0,0.9,0.9,2017,6,5.8,,,
1211,Eric Ebron,DET,1,6,2,58,0,5.8,5.8,2017,8,3.5,,,
1272,Eric Ebron,DET,1,4,3,35,0,3.5,3.5,2017,9,9.9,,,
1304,Eric Ebron,DET,1,3,2,39,1,9.9,9.9,2017,10,4.9,,,
1365,Eric Ebron,DET,1,7,4,49,0,4.9,4.9,2017,11,3.4,,,
1420,Eric Ebron,DET,1,4,4,34,0,3.4,3.4,2017,12,3.8,,,
1469,Eric Ebron,DET,1,4,4,38,0,3.8,3.8,2017,13,9.4,,,
1508,Eric Ebron,DET,1,11,10,94,0,9.4,9.4,2017,14,9.3,,,
1559,Eric Ebron,DET,1,7,5,33,1,9.3,9.3,2017,15,14.3,,,
1600,Eric Ebron,DET,1,8,5,83,1,14.3,14.3,2017,16,0.9,,,
1688,Eric Ebron,DET,1,6,1,9,0,0.9,0.9,2017,17,,,,
875,Eric Tomlinson,NYJ,1,2,2,25,0,2.5,2.5,2017,1,3.4,,,
1071,Eric Tomlinson,NYJ,1,1,1,34,0,3.4,3.4,2017,5,2.6,,,
1179,Eric Tomlinson,NYJ,1,1,1,26,0,2.6,2.6,2017,7,8.0,,,
1208,Eric Tomlinson,NYJ,1,1,1,20,1,8.0,8.0,2017,8,0.6,,,
1289,Eric Tomlinson,NYJ,1,2,1,6,0,0.6,0.6,2017,9,1.0,,,
1685,Eric Tomlinson,NYJ,1,2,2,10,0,1.0,1.0,2017,17,,,,
267,Erik Swoope,IND,1,3,2,42,0,4.2,4.2,2016,6,5.1,,,
310,Erik Swoope,IND,1,5,2,51,0,5.1,5.1,2016,7,3.0,,,
377,Erik Swoope,IND,1,3,2,30,0,3.0,3.0,2016,8,0.7,,,
444,Erik Swoope,IND,1,1,1,7,0,0.7,0.7,2016,9,3.5,,,
576,Erik Swoope,IND,1,2,1,35,0,3.5,3.5,2016,12,1.5,,,
632,Erik Swoope,IND,1,3,2,15,0,1.5,1.5,2016,13,11.0,,,
703,Erik Swoope,IND,1,3,3,50,1,11.0,11.0,2016,15,4.5,,,
772,Erik Swoope,IND,1,1,1,45,0,4.5,4.5,2016,16,2.2,,,
827,Erik Swoope,IND,1,1,1,22,0,2.2,2.2,2016,17,,,,
861,Evan Engram,NYG,1,5,4,44,0,4.4,4.4,2017,1,10.9,,,
904,Evan Engram,NYG,1,7,4,49,1,10.9,10.9,2017,2,4.5,,,
967,Evan Engram,NYG,1,7,5,45,0,4.5,4.5,2017,3,6.2,,,
1014,Evan Engram,NYG,1,11,6,62,0,6.2,6.2,2017,4,14.2,,,
1101,Evan Engram,NYG,1,7,5,82,1,14.2,14.2,2017,6,12.0,,,
1153,Evan Engram,NYG,1,12,6,60,1,12.0,12.0,2017,7,13.0,,,
1252,Evan Engram,NYG,1,10,4,70,1,13.0,13.0,2017,9,9.1,,,
1306,Evan Engram,NYG,1,9,6,31,1,9.1,9.1,2017,10,0.9,,,
1387,Evan Engram,NYG,1,6,1,9,0,0.9,0.9,2017,11,1.8,,,
1430,Evan Engram,NYG,1,7,3,18,0,1.8,1.8,2017,12,15.9,,,
1452,Evan Engram,NYG,1,8,7,99,1,15.9,15.9,2017,13,5.4,,,
1515,Evan Engram,NYG,1,7,4,54,0,5.4,5.4,2017,14,10.1,,,
1557,Evan Engram,NYG,1,13,8,87,0,10.1,10.1,2017,15,1.2,,,
1639,Evan Engram,NYG,1,2,1,12,0,1.2,1.2,2017,16,,,,
35,Garrett Celek,SF,1,4,1,15,0,1.5,1.5,2016,1,1.2,,,
94,Garrett Celek,SF,1,2,1,12,0,1.2,1.2,2016,2,2.5,,,
125,Garrett Celek,SF,1,4,3,25,0,2.5,2.5,2016,3,7.9,,,
160,Garrett Celek,SF,1,5,5,79,0,7.9,7.9,2016,4,0.4,,,
239,Garrett Celek,SF,1,6,1,4,0,0.4,0.4,2016,5,0.4,,,
346,Garrett Celek,SF,1,3,1,4,0,0.4,0.4,2016,7,7.6,,,
413,Garrett Celek,SF,1,6,4,76,0,7.6,7.6,2016,9,4.1,,,
514,Garrett Celek,SF,1,3,3,41,0,4.1,4.1,2016,11,7.9,,,
560,Garrett Celek,SF,1,3,2,19,1,7.9,7.9,2016,12,8.2,,,
709,Garrett Celek,SF,1,6,2,22,1,8.2,8.2,2016,15,3.9,,,
776,Garrett Celek,SF,1,7,4,39,0,3.9,3.9,2016,16,6.9,,,
817,Garrett Celek,SF,1,1,1,9,1,6.9,6.9,2016,17,6.1,,,
965,Garrett Celek,SF,1,2,1,1,1,6.1,6.1,2017,3,0.6,,,
1095,Garrett Celek,SF,1,1,1,6,0,0.6,0.6,2017,5,1.3,,,
1136,Garrett Celek,SF,1,2,1,13,0,1.3,1.3,2017,6,1.1,,,
1192,Garrett Celek,SF,1,1,1,11,0,1.1,1.1,2017,7,2.4,,,
1221,Garrett Celek,SF,1,2,1,24,0,2.4,2.4,2017,8,1.3,,,
1281,Garrett Celek,SF,1,4,1,13,0,1.3,1.3,2017,9,12.7,,,
1301,Garrett Celek,SF,1,6,4,67,1,12.7,12.7,2017,10,0.7,,,
1445,Garrett Celek,SF,1,2,2,7,0,0.7,0.7,2017,12,3.0,,,
1473,Garrett Celek,SF,1,4,2,30,0,3.0,3.0,2017,13,12.7,,,
1502,Garrett Celek,SF,1,4,2,67,1,12.7,12.7,2017,14,12.3,,,
1554,Garrett Celek,SF,1,3,3,63,1,12.3,12.3,2017,15,2.8,,,
1667,Garrett Celek,SF,1,1,1,28,0,2.8,2.8,2017,17,,,,
73,Gary Barnidge,CLE,1,5,4,37,0,3.7,3.7,2016,2,6.6,,,
110,Gary Barnidge,CLE,1,6,5,66,0,6.6,6.6,2016,3,5.7,,,
164,Gary Barnidge,CLE,1,7,7,57,0,5.7,5.7,2016,4,7.6,,,
210,Gary Barnidge,CLE,1,8,5,76,0,7.6,7.6,2016,5,5.9,,,
264,Gary Barnidge,CLE,1,5,3,59,0,5.9,5.9,2016,6,6.6,,,
306,Gary Barnidge,CLE,1,7,6,66,0,6.6,6.6,2016,7,4.2,,,
365,Gary Barnidge,CLE,1,7,3,42,0,4.2,4.2,2016,8,2.3,,,
427,Gary Barnidge,CLE,1,3,3,23,0,2.3,2.3,2016,9,0.8,,,
490,Gary Barnidge,CLE,1,4,1,8,0,0.8,0.8,2016,10,8.3,,,
508,Gary Barnidge,CLE,1,5,2,23,1,8.3,8.3,2016,11,1.1,,,
592,Gary Barnidge,CLE,1,3,1,11,0,1.1,1.1,2016,12,2.7,,,
672,Gary Barnidge,CLE,1,5,3,27,0,2.7,2.7,2016,14,3.5,,,
721,Gary Barnidge,CLE,1,3,2,35,0,3.5,3.5,2016,15,4.2,,,
773,Gary Barnidge,CLE,1,6,5,42,0,4.2,4.2,2016,16,10.0,,,
804,Gary Barnidge,CLE,1,5,5,40,1,10.0,10.0,2016,17,,,,
416,Gavin Escobar,DAL,1,1,1,2,1,6.2,6.2,2016,9,2.1,,,
526,Gavin Escobar,DAL,1,3,2,21,0,2.1,2.1,2016,11,0.7,,,
843,Gavin Escobar,DAL,1,3,1,7,0,0.7,0.7,2016,17,,,,
28,Geoff Swaim,DAL,1,1,1,21,0,2.1,2.1,2016,1,2.9,,,
81,Geoff Swaim,DAL,1,2,2,29,0,2.9,2.9,2016,2,0.0,,,
249,Geoff Swaim,DAL,1,1,0,0,0,0.0,0.0,2016,5,0.8,,,
388,Geoff Swaim,DAL,1,1,1,8,0,0.8,0.8,2016,8,1.1,,,
439,Geoff Swaim,DAL,1,2,2,11,0,1.1,1.1,2016,9,0.7,,,
1198,Geoff Swaim,DAL,1,1,1,7,0,0.7,0.7,2017,7,1.8,,,
1229,Geoff Swaim,DAL,1,1,1,18,0,1.8,1.8,2017,8,,,,
874,George Kittle,SF,1,6,5,27,0,2.7,2.7,2017,1,1.3,,,
941,George Kittle,SF,1,2,2,13,0,1.3,1.3,2017,2,0.8,,,
992,George Kittle,SF,1,3,1,8,0,0.8,0.8,2017,3,3.5,,,
1027,George Kittle,SF,1,3,2,35,0,3.5,3.5,2017,4,14.3,,,
1052,George Kittle,SF,1,9,7,83,1,14.3,14.3,2017,5,4.6,,,
1119,George Kittle,SF,1,8,4,46,0,4.6,4.6,2017,6,1.6,,,
1186,George Kittle,SF,1,2,1,16,0,1.6,1.6,2017,7,2.2,,,
1223,George Kittle,SF,1,4,2,22,0,2.2,2.2,2017,8,2.7,,,
1275,George Kittle,SF,1,5,3,27,0,2.7,2.7,2017,9,1.4,,,
1435,George Kittle,SF,1,2,1,14,0,1.4,1.4,2017,12,2.0,,,
1483,George Kittle,SF,1,3,2,20,0,2.0,2.0,2017,13,1.0,,,
1539,George Kittle,SF,1,2,2,10,0,1.0,1.0,2017,14,5.2,,,
1567,George Kittle,SF,1,5,4,52,0,5.2,5.2,2017,15,10.2,,,
1605,George Kittle,SF,1,3,3,42,1,10.2,10.2,2017,16,10.0,,,
1651,George Kittle,SF,1,6,4,100,0,10.0,10.0,2017,17,,,,
867,Gerald Everett,LAR,1,1,1,39,0,3.9,3.9,2017,1,9.5,,,
907,Gerald Everett,LAR,1,3,3,95,0,9.5,9.5,2017,2,0.8,,,
1048,Gerald Everett,LAR,1,3,1,8,0,0.8,0.8,2017,4,0.8,,,
1094,Gerald Everett,LAR,1,3,1,8,0,0.8,0.8,2017,5,6.4,,,
1115,Gerald Everett,LAR,1,3,1,4,1,6.4,6.4,2017,6,5.7,,,
1264,Gerald Everett,LAR,1,2,1,44,0,5.7,5.7,2017,9,0.0,,,
1342,Gerald Everett,LAR,1,2,0,0,0,0.0,0.0,2017,10,0.8,,,
1390,Gerald Everett,LAR,1,2,1,8,0,0.8,0.8,2017,11,0.9,,,
1443,Gerald Everett,LAR,1,1,1,9,0,0.9,0.9,2017,12,6.7,,,
1463,Gerald Everett,LAR,1,4,2,7,1,6.7,6.7,2017,13,0.6,,,
1547,Gerald Everett,LAR,1,1,1,6,0,0.6,0.6,2017,14,1.6,,,
1675,Gerald Everett,LAR,1,6,3,16,0,1.6,1.6,2017,17,,,,
8,Greg Olsen,CAR,1,9,7,73,0,7.3,7.3,2016,1,18.2,,,
50,Greg Olsen,CAR,1,8,5,122,1,18.2,18.2,2016,2,6.4,,,
112,Greg Olsen,CAR,1,10,6,64,0,6.4,6.4,2016,3,13.6,,,
151,Greg Olsen,CAR,1,13,6,76,1,13.6,13.6,2016,4,18.1,,,
201,Greg Olsen,CAR,1,13,9,181,0,18.1,18.1,2016,5,9.4,,,
258,Greg Olsen,CAR,1,7,6,94,0,9.4,9.4,2016,6,1.1,,,
384,Greg Olsen,CAR,1,3,1,11,0,1.1,1.1,2016,8,11.2,,,
404,Greg Olsen,CAR,1,7,5,52,1,11.2,11.2,2016,9,3.9,,,
473,Greg Olsen,CAR,1,8,5,39,0,3.9,3.9,2016,10,3.3,,,
519,Greg Olsen,CAR,1,7,4,33,0,3.3,3.3,2016,11,4.5,,,
570,Greg Olsen,CAR,1,5,4,45,0,4.5,4.5,2016,12,3.0,,,
623,Greg Olsen,CAR,1,7,3,30,0,3.0,3.0,2016,13,8.7,,,
656,Greg Olsen,CAR,1,7,4,87,0,8.7,8.7,2016,14,8.5,,,
708,Greg Olsen,CAR,1,9,6,85,0,8.5,8.5,2016,15,5.9,,,
768,Greg Olsen,CAR,1,12,6,59,0,5.9,5.9,2016,16,2.2,,,
826,Greg Olsen,CAR,1,4,3,22,0,2.2,2.2,2016,17,1.8,,,
881,Greg Olsen,CAR,1,4,2,18,0,1.8,1.8,2017,1,1.0,,,
944,Greg Olsen,CAR,1,2,1,10,0,1.0,1.0,2017,2,1.0,,,
1440,Greg Olsen,CAR,1,4,1,10,0,1.0,1.0,2017,12,17.6,,,
1550,Greg Olsen,CAR,1,12,9,116,1,17.6,17.6,2017,15,2.7,,,
1622,Greg Olsen,CAR,1,6,3,27,0,2.7,2.7,2017,16,1.0,,,
1684,Greg Olsen,CAR,1,9,1,10,0,1.0,1.0,2017,17,,,,
32,Hunter Henry,SD,1,2,1,20,0,2.0,2.0,2016,1,7.6,,,
106,Hunter Henry,SD,1,5,5,76,0,7.6,7.6,2016,3,12.1,,,
152,Hunter Henry,SD,1,7,4,61,1,12.1,12.1,2016,4,13.4,,,
202,Hunter Henry,SD,1,4,3,74,1,13.4,13.4,2016,5,14.3,,,
253,Hunter Henry,SD,1,8,6,83,1,14.3,14.3,2016,6,1.6,,,
324,Hunter Henry,SD,1,3,1,16,0,1.6,1.6,2016,7,1.4,,,
382,Hunter Henry,SD,1,4,2,14,0,1.4,1.4,2016,8,7.1,,,
461,Hunter Henry,SD,1,2,2,11,1,7.1,7.1,2016,10,8.0,,,
559,Hunter Henry,SD,1,3,2,20,1,8.0,8.0,2016,12,1.4,,,
635,Hunter Henry,SD,1,1,1,14,0,1.4,1.4,2016,13,7.3,,,
657,Hunter Henry,SD,1,5,2,13,1,7.3,7.3,2016,14,9.7,,,
704,Hunter Henry,SD,1,4,3,37,1,9.7,9.7,2016,15,10.3,,,
803,Hunter Henry,SD,1,5,4,43,1,10.3,10.3,2016,17,8.0,,,
912,Hunter Henry,LAC,1,7,7,80,0,8.0,8.0,2017,2,7.6,,,
1010,Hunter Henry,LAC,1,3,2,16,1,7.6,7.6,2017,4,10.2,,,
1057,Hunter Henry,LAC,1,8,3,42,1,10.2,10.2,2017,5,9.0,,,
1107,Hunter Henry,LAC,1,7,5,90,0,9.0,9.0,2017,6,7.3,,,
1163,Hunter Henry,LAC,1,5,4,73,0,7.3,7.3,2017,7,1.1,,,
1238,Hunter Henry,LAC,1,2,2,11,0,1.1,1.1,2017,8,0.7,,,
1334,Hunter Henry,LAC,1,2,1,7,0,0.7,0.7,2017,10,2.5,,,
1373,Hunter Henry,LAC,1,5,2,25,0,2.5,2.5,2017,11,13.6,,,
1403,Hunter Henry,LAC,1,5,5,76,1,13.6,13.6,2017,12,8.1,,,
1460,Hunter Henry,LAC,1,9,7,81,0,8.1,8.1,2017,13,11.0,,,
1504,Hunter Henry,LAC,1,6,4,50,1,11.0,11.0,2017,14,2.8,,,
1578,Hunter Henry,LAC,1,3,3,28,0,2.8,2.8,2017,15,,,,
311,Ifeanyi Momah,ARI,1,2,2,50,0,5.0,5.0,2016,7,0.0,,,
397,Ifeanyi Momah,ARI,1,1,0,0,0,0.0,0.0,2016,8,4.6,,,
919,Ifeanyi Momah,ARI,1,2,1,46,0,4.6,4.6,2017,2,,,,
0,Jack Doyle,IND,1,4,3,35,2,15.5,15.5,2016,1,3.7,,,
74,Jack Doyle,IND,1,5,4,37,0,3.7,3.7,2016,2,6.5,,,
111,Jack Doyle,IND,1,6,6,65,0,6.5,6.5,2016,3,0.6,,,
193,Jack Doyle,IND,1,1,1,6,0,0.6,0.6,2016,4,0.8,,,
232,Jack Doyle,IND,1,3,2,8,0,0.8,0.8,2016,5,11.3,,,
255,Jack Doyle,IND,1,4,4,53,1,11.3,11.3,2016,6,13.8,,,
302,Jack Doyle,IND,1,10,9,78,1,13.8,13.8,2016,7,3.6,,,
368,Jack Doyle,IND,1,3,2,36,0,3.6,3.6,2016,8,6.1,,,
417,Jack Doyle,IND,1,9,5,61,0,6.1,6.1,2016,9,0.7,,,
538,Jack Doyle,IND,1,2,1,7,0,0.7,0.7,2016,11,2.5,,,
580,Jack Doyle,IND,1,2,2,25,0,2.5,2.5,2016,12,3.0,,,
622,Jack Doyle,IND,1,4,4,30,0,3.0,3.0,2016,13,5.5,,,
663,Jack Doyle,IND,1,6,5,55,0,5.5,5.5,2016,14,3.2,,,
724,Jack Doyle,IND,1,4,4,32,0,3.2,3.2,2016,15,4.6,,,
771,Jack Doyle,IND,1,7,5,46,0,4.6,4.6,2016,16,7.0,,,
816,Jack Doyle,IND,1,5,2,10,1,7.0,7.0,2016,17,4.1,,,
866,Jack Doyle,IND,1,3,2,41,0,4.1,4.1,2017,1,7.9,,,
913,Jack Doyle,IND,1,8,8,79,0,7.9,7.9,2017,2,1.6,,,
980,Jack Doyle,IND,1,5,2,16,0,1.6,1.6,2017,3,2.7,,,
1032,Jack Doyle,IND,1,7,5,27,0,2.7,2.7,2017,4,11.0,,,
1104,Jack Doyle,IND,1,11,7,50,1,11.0,11.0,2017,6,4.4,,,
1172,Jack Doyle,IND,1,7,6,44,0,4.4,4.4,2017,7,18.1,,,
1201,Jack Doyle,IND,1,14,12,121,1,18.1,18.1,2017,8,6.3,,,
1262,Jack Doyle,IND,1,9,8,63,0,6.3,6.3,2017,9,0.9,,,
1331,Jack Doyle,IND,1,5,2,9,0,0.9,0.9,2017,10,9.4,,,
1406,Jack Doyle,IND,1,8,7,94,0,9.4,9.4,2017,12,1.6,,,
1488,Jack Doyle,IND,1,5,3,16,0,1.6,1.6,2017,13,6.4,,,
1514,Jack Doyle,IND,1,3,2,4,1,6.4,6.4,2017,14,4.7,,,
1569,Jack Doyle,IND,1,8,7,47,0,4.7,4.7,2017,15,4.1,,,
1613,Jack Doyle,IND,1,10,5,41,0,4.1,4.1,2017,16,9.8,,,
1652,Jack Doyle,IND,1,5,4,38,1,9.8,9.8,2017,17,,,,
975,Jacob Hollister,NE,1,1,1,19,0,1.9,1.9,2017,3,1.3,,,
1234,Jacob Hollister,NE,1,1,1,13,0,1.3,1.3,2017,8,1.0,,,
1642,Jacob Hollister,NE,1,2,1,5,0,1.0,1.0,2017,16,,,,
15,Jacob Tamme,ATL,1,8,6,51,0,5.1,5.1,2016,1,13.5,,,
54,Jacob Tamme,ATL,1,8,5,75,1,13.5,13.5,2016,2,2.8,,,
123,Jacob Tamme,ATL,1,4,3,28,0,2.8,2.8,2016,3,6.3,,,
163,Jacob Tamme,ATL,1,2,2,3,1,6.3,6.3,2016,4,0.1,,,
242,Jacob Tamme,ATL,1,1,1,1,0,0.1,0.1,2016,5,1.6,,,
286,Jacob Tamme,ATL,1,3,2,16,0,1.6,1.6,2016,6,7.7,,,
305,Jacob Tamme,ATL,1,3,1,17,1,7.7,7.7,2016,7,1.9,,,
380,Jacob Tamme,ATL,1,2,2,19,0,1.9,1.9,2016,8,,,,
1007,James Hanna,DAL,1,1,1,28,1,8.8,8.8,2017,4,0.0,,,
1296,James Hanna,DAL,1,1,0,0,0,0.0,0.0,2017,9,1.6,,,
1527,James Hanna,DAL,1,1,1,16,0,1.6,1.6,2017,14,3.1,,,
1577,James Hanna,DAL,1,1,1,31,0,3.1,3.1,2017,15,1.3,,,
1677,James Hanna,DAL,1,2,1,13,0,1.3,1.3,2017,17,,,,
449,James O'Shaughnessy,KC,1,1,1,0,0,0.0,0.0,2016,9,1.8,,,
880,James O'Shaughnessy,JAC,1,1,1,18,0,1.8,1.8,2017,1,1.2,,,
986,James O'Shaughnessy,JAC,1,1,1,12,0,1.2,1.2,2017,3,1.1,,,
1137,James O'Shaughnessy,JAC,1,3,2,11,0,1.1,1.1,2017,6,0.6,,,
1288,James O'Shaughnessy,JAC,1,1,1,6,0,0.6,0.6,2017,9,1.2,,,
1383,James O'Shaughnessy,JAC,1,1,1,12,0,1.2,1.2,2017,11,0.7,,,
1446,James O'Shaughnessy,JAC,1,2,1,7,0,0.7,0.7,2017,12,2.9,,,
1476,James O'Shaughnessy,JAC,1,1,1,29,0,2.9,2.9,2017,13,1.5,,,
1587,James O'Shaughnessy,JAC,1,2,1,15,0,1.5,1.5,2017,15,9.9,,,
1606,James O'Shaughnessy,JAC,1,6,5,39,1,9.9,9.9,2017,16,,,,
43,Jared Cook,GB,1,2,1,7,0,0.7,0.7,2016,1,3.1,,,
78,Jared Cook,GB,1,6,4,31,0,3.1,3.1,2016,2,1.5,,,
132,Jared Cook,GB,1,3,1,15,0,1.5,1.5,2016,3,16.5,,,
500,Jared Cook,GB,1,11,6,105,1,16.5,16.5,2016,11,0.7,,,
599,Jared Cook,GB,1,2,1,7,0,0.7,0.7,2016,12,1.9,,,
628,Jared Cook,GB,1,4,3,19,0,1.9,1.9,2016,13,1.5,,,
687,Jared Cook,GB,1,2,1,15,0,1.5,1.5,2016,14,8.5,,,
706,Jared Cook,GB,1,8,6,85,0,8.5,8.5,2016,15,3.7,,,
777,Jared Cook,GB,1,5,3,37,0,3.7,3.7,2016,16,5.6,,,
820,Jared Cook,GB,1,8,4,56,0,5.6,5.6,2016,17,5.6,,,
859,Jared Cook,OAK,1,5,5,56,0,5.6,5.6,2017,1,2.5,,,
928,Jared Cook,OAK,1,6,4,25,0,2.5,2.5,2017,2,10.3,,,
957,Jared Cook,OAK,1,6,4,43,1,10.3,10.3,2017,3,4.6,,,
1019,Jared Cook,OAK,1,8,3,46,0,4.6,4.6,2017,4,2.5,,,
1074,Jared Cook,OAK,1,6,3,25,0,2.5,2.5,2017,5,1.4,,,
1134,Jared Cook,OAK,1,3,2,14,0,1.4,1.4,2017,6,10.7,,,
1156,Jared Cook,OAK,1,7,6,107,0,10.7,10.7,2017,7,5.7,,,
1212,Jared Cook,OAK,1,5,4,57,0,5.7,5.7,2017,8,12.6,,,
1253,Jared Cook,OAK,1,9,8,126,0,12.6,12.6,2017,9,3.6,,,
1366,Jared Cook,OAK,1,5,2,36,0,3.6,3.6,2017,11,0.1,,,
1449,Jared Cook,OAK,1,5,1,1,0,0.1,0.1,2017,12,13.5,,,
1501,Jared Cook,OAK,1,6,5,75,1,13.5,13.5,2017,14,1.7,,,
1585,Jared Cook,OAK,1,4,2,17,0,1.7,1.7,2017,15,1.5,,,
1631,Jared Cook,OAK,1,2,1,15,0,1.5,1.5,2017,16,3.5,,,
1663,Jared Cook,OAK,1,4,3,35,0,3.5,3.5,2017,17,,,,
9,Jason Witten,DAL,1,14,9,66,0,6.6,6.6,2016,1,5.1,,,
70,Jason Witten,DAL,1,4,3,51,0,5.1,5.1,2016,2,2.5,,,
126,Jason Witten,DAL,1,2,2,25,0,2.5,2.5,2016,3,4.7,,,
168,Jason Witten,DAL,1,9,7,47,0,4.7,4.7,2016,4,4.3,,,
217,Jason Witten,DAL,1,5,3,43,0,4.3,4.3,2016,5,4.2,,,
268,Jason Witten,DAL,1,8,4,42,0,4.2,4.2,2016,6,7.6,,,
363,Jason Witten,DAL,1,3,2,16,1,7.6,7.6,2016,8,19.4,,,
401,Jason Witten,DAL,1,10,8,134,1,19.4,19.4,2016,9,5.9,,,
466,Jason Witten,DAL,1,8,6,59,0,5.9,5.9,2016,10,3.7,,,
517,Jason Witten,DAL,1,7,5,37,0,3.7,3.7,2016,11,3.3,,,
578,Jason Witten,DAL,1,3,3,33,0,3.3,3.3,2016,12,2.6,,,
675,Jason Witten,DAL,1,7,4,26,0,2.6,2.6,2016,14,5.1,,,
715,Jason Witten,DAL,1,10,10,51,0,5.1,5.1,2016,15,9.3,,,
757,Jason Witten,DAL,1,4,2,33,1,9.3,9.3,2016,16,1.0,,,
838,Jason Witten,DAL,1,1,1,10,0,1.0,1.0,2016,17,11.9,,,
852,Jason Witten,DAL,1,9,7,59,1,11.9,11.9,2017,1,15.7,,,
902,Jason Witten,DAL,1,13,10,97,1,15.7,15.7,2017,2,0.9,,,
1047,Jason Witten,DAL,1,2,1,9,0,0.9,0.9,2017,4,6.1,,,
1067,Jason Witten,DAL,1,10,8,61,0,6.1,6.1,2017,5,11.4,,,
1154,Jason Witten,DAL,1,4,4,54,1,11.4,11.4,2017,7,3.1,,,
1215,Jason Witten,DAL,1,5,3,31,0,3.1,3.1,2017,8,0.5,,,
1292,Jason Witten,DAL,1,1,1,5,0,0.5,0.5,2017,9,5.9,,,
1317,Jason Witten,DAL,1,7,7,59,0,5.9,5.9,2017,10,0.7,,,
1393,Jason Witten,DAL,1,1,1,7,0,0.7,0.7,2017,11,4.4,,,
1416,Jason Witten,DAL,1,7,7,44,0,4.4,4.4,2017,12,6.8,,,
1462,Jason Witten,DAL,1,5,1,8,1,6.8,6.8,2017,13,8.0,,,
1511,Jason Witten,DAL,1,2,1,20,1,8.0,8.0,2017,14,4.7,,,
1570,Jason Witten,DAL,1,5,4,47,0,4.7,4.7,2017,15,3.9,,,
1615,Jason Witten,DAL,1,9,5,39,0,3.9,3.9,2017,16,1.7,,,
1674,Jason Witten,DAL,1,3,2,17,0,1.7,1.7,2017,17,,,,
121,Jeff Heuerman,DEN,1,1,1,29,0,2.9,2.9,2016,3,1.9,,,
179,Jeff Heuerman,DEN,1,1,1,19,0,1.9,1.9,2016,4,0.0,,,
243,Jeff Heuerman,DEN,1,1,0,0,0,0.0,0.0,2016,5,4.0,,,
719,Jeff Heuerman,DEN,1,4,2,40,0,4.0,4.0,2016,15,3.2,,,
780,Jeff Heuerman,DEN,1,6,3,32,0,3.2,3.2,2016,16,2.1,,,
828,Jeff Heuerman,DEN,1,4,2,21,0,2.1,2.1,2016,17,2.0,,,
877,Jeff Heuerman,DEN,1,2,1,20,0,2.0,2.0,2017,1,1.5,,,
939,Jeff Heuerman,DEN,1,1,1,15,0,1.5,1.5,2017,2,8.4,,,
1111,Jeff Heuerman,DEN,1,2,2,24,1,8.4,8.4,2017,6,1.1,,,
1239,Jeff Heuerman,DEN,1,2,1,11,0,1.1,1.1,2017,8,0.0,,,
1298,Jeff Heuerman,DEN,1,1,0,0,0,0.0,0.0,2017,9,0.4,,,
1335,Jeff Heuerman,DEN,1,3,1,4,0,0.4,0.4,2017,10,11.4,,,
1556,Jeff Heuerman,DEN,1,1,1,54,1,11.4,11.4,2017,15,0.9,,,
1689,Jeff Heuerman,DEN,1,2,1,9,0,0.9,0.9,2017,17,,,,
222,Jerell Adams,NYG,1,2,2,27,0,2.7,2.7,2016,5,0.5,,,
341,Jerell Adams,NYG,1,1,1,5,0,0.5,0.5,2016,7,2.4,,,
426,Jerell Adams,NYG,1,4,3,24,0,2.4,2.4,2016,9,7.8,,,
459,Jerell Adams,NYG,1,3,3,18,1,7.8,7.8,2016,10,0.0,,,
542,Jerell Adams,NYG,1,1,0,0,0,0.0,0.0,2016,11,1.0,,,
639,Jerell Adams,NYG,1,3,1,10,0,1.0,1.0,2016,13,1.1,,,
692,Jerell Adams,NYG,1,2,2,11,0,1.1,1.1,2016,14,1.8,,,
731,Jerell Adams,NYG,1,4,3,18,0,1.8,1.8,2016,15,3.8,,,
923,Jerell Adams,NYG,1,1,1,38,0,3.8,3.8,2017,2,1.1,,,
1091,Jerell Adams,NYG,1,1,1,11,0,1.1,1.1,2017,5,0.6,,,
1142,Jerell Adams,NYG,1,1,1,6,0,0.6,0.6,2017,6,0.6,,,
1394,Jerell Adams,NYG,1,1,1,6,0,0.6,0.6,2017,11,3.1,,,
1621,Jerell Adams,NYG,1,4,4,31,0,3.1,3.1,2017,16,,,,
1362,Jeremy Sprinkle,WAS,1,1,1,7,1,6.7,6.7,2017,11,0.6,,,
1647,Jeremy Sprinkle,WAS,1,1,1,6,0,0.6,0.6,2017,16,,,,
18,Jermaine Gresham,ARI,1,4,4,41,0,4.1,4.1,2016,1,0.4,,,
240,Jermaine Gresham,ARI,1,1,1,4,0,0.4,0.4,2016,5,1.4,,,
289,Jermaine Gresham,ARI,1,2,1,14,0,1.4,1.4,2016,6,1.5,,,
325,Jermaine Gresham,ARI,1,4,2,15,0,1.5,1.5,2016,7,3.2,,,
373,Jermaine Gresham,ARI,1,5,3,32,0,3.2,3.2,2016,8,3.7,,,
474,Jermaine Gresham,ARI,1,6,4,37,0,3.7,3.7,2016,10,9.3,,,
507,Jermaine Gresham,ARI,1,2,2,33,1,9.3,9.3,2016,11,9.5,,,
557,Jermaine Gresham,ARI,1,10,5,35,1,9.5,9.5,2016,12,5.2,,,
612,Jermaine Gresham,ARI,1,6,5,52,0,5.2,5.2,2016,13,4.5,,,
665,Jermaine Gresham,ARI,1,7,5,45,0,4.5,4.5,2016,14,4.2,,,
717,Jermaine Gresham,ARI,1,5,3,42,0,4.2,4.2,2016,15,4.0,,,
775,Jermaine Gresham,ARI,1,4,2,40,0,4.0,4.0,2016,16,1.5,,,
884,Jermaine Gresham,ARI,1,4,3,15,0,1.5,1.5,2017,1,4.7,,,
966,Jermaine Gresham,ARI,1,9,5,47,0,4.7,4.7,2017,3,1.2,,,
1044,Jermaine Gresham,ARI,1,3,2,12,0,1.2,1.2,2017,4,1.6,,,
1086,Jermaine Gresham,ARI,1,2,2,16,0,1.6,1.6,2017,5,3.2,,,
1123,Jermaine Gresham,ARI,1,2,2,32,0,3.2,3.2,2017,6,1.8,,,
1183,Jermaine Gresham,ARI,1,3,1,18,0,1.8,1.8,2017,7,8.3,,,
1255,Jermaine Gresham,ARI,1,3,2,23,1,8.3,8.3,2017,9,12.4,,,
1302,Jermaine Gresham,ARI,1,7,5,64,1,12.4,12.4,2017,10,1.0,,,
1385,Jermaine Gresham,ARI,1,1,1,10,0,1.0,1.0,2017,11,1.3,,,
1436,Jermaine Gresham,ARI,1,3,2,13,0,1.3,1.3,2017,12,1.7,,,
1486,Jermaine Gresham,ARI,1,3,2,17,0,1.7,1.7,2017,13,2.7,,,
1519,Jermaine Gresham,ARI,1,2,2,27,0,2.7,2.7,2017,14,0.4,,,
1648,Jermaine Gresham,ARI,1,1,1,4,0,0.4,0.4,2017,16,2.4,,,
1670,Jermaine Gresham,ARI,1,3,3,24,0,2.4,2.4,2017,17,,,,
21,Jesse James,PIT,1,7,5,31,0,3.1,3.1,2016,1,8.9,,,
60,Jesse James,PIT,1,5,3,29,1,8.9,8.9,2016,2,1.0,,,
141,Jesse James,PIT,1,4,2,10,0,1.0,1.0,2016,3,7.5,,,
161,Jesse James,PIT,1,2,2,15,1,7.5,7.5,2016,4,10.3,,,
206,Jesse James,PIT,1,8,6,43,1,10.3,10.3,2016,5,1.3,,,
290,Jesse James,PIT,1,3,2,13,0,1.3,1.3,2016,6,1.8,,,
322,Jesse James,PIT,1,2,2,18,0,1.8,1.8,2016,7,1.3,,,
437,Jesse James,PIT,1,4,2,13,0,1.3,1.3,2016,9,5.9,,,
465,Jesse James,PIT,1,4,4,59,0,5.9,5.9,2016,10,0.5,,,
540,Jesse James,PIT,1,4,1,5,0,0.5,0.5,2016,11,3.2,,,
621,Jesse James,PIT,1,4,3,32,0,3.2,3.2,2016,13,4.9,,,
770,Jesse James,PIT,1,5,4,49,0,4.9,4.9,2016,16,1.6,,,
834,Jesse James,PIT,1,3,2,16,0,1.6,1.6,2016,17,16.1,,,
851,Jesse James,PIT,1,8,6,41,2,16.1,16.1,2017,1,2.7,,,
925,Jesse James,PIT,1,5,4,27,0,2.7,2.7,2017,2,1.9,,,
976,Jesse James,PIT,1,4,2,19,0,1.9,1.9,2017,3,4.0,,,
1024,Jesse James,PIT,1,3,3,40,0,4.0,4.0,2017,4,2.4,,,
1077,Jesse James,PIT,1,5,3,24,0,2.4,2.4,2017,5,4.2,,,
1214,Jesse James,PIT,1,3,2,42,0,4.2,4.2,2017,8,0.0,,,
1345,Jesse James,PIT,1,2,0,0,0,0.0,0.0,2017,10,8.1,,,
1359,Jesse James,PIT,1,8,5,21,1,8.1,8.1,2017,11,3.2,,,
1424,Jesse James,PIT,1,4,3,32,0,3.2,3.2,2017,12,1.3,,,
1495,Jesse James,PIT,1,2,1,13,0,1.3,1.3,2017,13,9.7,,,
1507,Jesse James,PIT,1,12,10,97,0,9.7,9.7,2017,14,0.9,,,
1690,Jesse James,PIT,1,2,2,9,0,0.9,0.9,2017,17,,,,
41,Jimmy Graham,SEA,1,1,1,11,0,1.1,1.1,2016,1,4.2,,,
72,Jimmy Graham,SEA,1,4,3,42,0,4.2,4.2,2016,2,16.0,,,
103,Jimmy Graham,SEA,1,9,6,100,1,16.0,16.0,2016,3,11.3,,,
154,Jimmy Graham,SEA,1,8,6,113,0,11.3,11.3,2016,4,8.9,,,
259,Jimmy Graham,SEA,1,9,6,89,0,8.9,8.9,2016,6,5.3,,,
309,Jimmy Graham,SEA,1,10,5,53,0,5.3,5.3,2016,7,3.4,,,
371,Jimmy Graham,SEA,1,5,3,34,0,3.4,3.4,2016,8,22.3,,,
400,Jimmy Graham,SEA,1,8,8,103,2,22.3,22.3,2016,9,4.8,,,
471,Jimmy Graham,SEA,1,4,4,48,0,4.8,4.8,2016,10,10.6,,,
503,Jimmy Graham,SEA,1,5,3,46,1,10.6,10.6,2016,11,6.7,,,
563,Jimmy Graham,SEA,1,7,6,67,0,6.7,6.7,2016,12,12.3,,,
606,Jimmy Graham,SEA,1,9,6,63,1,12.3,12.3,2016,13,1.6,,,
685,Jimmy Graham,SEA,1,4,1,16,0,1.6,1.6,2016,14,3.1,,,
725,Jimmy Graham,SEA,1,2,1,31,0,3.1,3.1,2016,15,10.3,,,
753,Jimmy Graham,SEA,1,3,2,43,1,10.3,10.3,2016,16,6.4,,,
818,Jimmy Graham,SEA,1,7,4,64,0,6.4,6.4,2016,17,0.8,,,
892,Jimmy Graham,SEA,1,7,3,8,0,0.8,0.8,2017,1,7.2,,,
961,Jimmy Graham,SEA,1,11,7,72,0,7.2,7.2,2017,3,6.1,,,
1015,Jimmy Graham,SEA,1,6,4,61,0,6.1,6.1,2017,4,9.7,,,
1061,Jimmy Graham,SEA,1,8,6,37,1,9.7,9.7,2017,5,11.1,,,
1155,Jimmy Graham,SEA,1,6,3,51,1,11.1,11.1,2017,7,15.9,,,
1202,Jimmy Graham,SEA,1,5,4,39,2,15.9,15.9,2017,8,5.9,,,
1263,Jimmy Graham,SEA,1,8,5,59,0,5.9,5.9,2017,9,14.7,,,
1300,Jimmy Graham,SEA,1,9,6,27,2,14.7,14.7,2017,10,11.8,,,
1351,Jimmy Graham,SEA,1,11,7,58,1,11.8,11.8,2017,11,9.4,,,
1407,Jimmy Graham,SEA,1,6,3,34,1,9.4,9.4,2017,12,8.6,,,
1458,Jimmy Graham,SEA,1,4,3,26,1,8.6,8.6,2017,13,6.3,,,
1609,Jimmy Graham,SEA,1,1,1,3,1,6.3,6.3,2017,16,4.5,,,
1660,Jimmy Graham,SEA,1,6,3,45,0,4.5,4.5,2017,17,,,,
108,John Phillips,DEN,1,4,2,9,1,6.9,6.9,2016,3,0.0,,,
247,John Phillips,DEN,1,1,0,0,0,0.0,0.0,2016,5,3.1,,,
274,John Phillips,DEN,1,3,3,31,0,3.1,3.1,2016,6,0.8,,,
698,John Phillips,NO,1,1,1,8,0,0.8,0.8,2016,14,0.9,,,
747,John Phillips,NO,1,1,1,9,0,0.9,0.9,2016,15,1.5,,,
792,John Phillips,NO,1,2,2,15,0,1.5,1.5,2016,16,,,,
910,Jonnu Smith,TEN,1,3,2,30,1,9.0,9.0,2017,2,8.4,,,
960,Jonnu Smith,TEN,1,2,1,24,1,8.4,8.4,2017,3,2.1,,,
1082,Jonnu Smith,TEN,1,5,5,21,0,2.1,2.1,2017,5,1.0,,,
1139,Jonnu Smith,TEN,1,1,1,10,0,1.0,1.0,2017,6,2.2,,,
1181,Jonnu Smith,TEN,1,4,2,22,0,2.2,2.2,2017,7,0.0,,,
1299,Jonnu Smith,TEN,1,1,0,0,0,0.0,0.0,2017,9,2.0,,,
1326,Jonnu Smith,TEN,1,5,2,20,0,2.0,2.0,2017,10,1.3,,,
1636,Jonnu Smith,TEN,1,2,1,13,0,1.3,1.3,2017,16,1.2,,,
1680,Jonnu Smith,TEN,1,3,3,12,0,1.2,1.2,2017,17,,,,
44,Jordan Cameron,MIA,1,3,2,6,0,0.6,0.6,2016,1,10.9,,,
57,Jordan Cameron,MIA,1,7,5,49,1,10.9,10.9,2016,2,0.5,,,
145,Jordan Cameron,MIA,1,1,1,5,0,0.5,0.5,2016,3,,,,
12,Jordan Reed,WAS,1,11,7,64,0,6.4,6.4,2016,1,7.0,,,
66,Jordan Reed,WAS,1,7,5,70,0,7.0,7.0,2016,2,5.6,,,
115,Jordan Reed,WAS,1,7,4,56,0,5.6,5.6,2016,3,19.3,,,
150,Jordan Reed,WAS,1,10,9,73,2,19.3,19.3,2016,4,5.3,,,
215,Jordan Reed,WAS,1,11,8,53,0,5.3,5.3,2016,5,15.9,,,
353,Jordan Reed,WAS,1,13,9,99,1,15.9,15.9,2016,8,4.1,,,
472,Jordan Reed,WAS,1,4,2,41,0,4.1,4.1,2016,10,7.9,,,
510,Jordan Reed,WAS,1,6,5,79,0,7.9,7.9,2016,11,21.5,,,
550,Jordan Reed,WAS,1,12,10,95,2,21.5,21.5,2016,12,1.0,,,
695,Jordan Reed,WAS,1,1,1,10,0,1.0,1.0,2016,14,10.0,,,
805,Jordan Reed,WAS,1,6,5,40,1,10.0,10.0,2016,17,3.6,,,
869,Jordan Reed,WAS,1,8,5,36,0,3.6,3.6,2017,1,4.8,,,
917,Jordan Reed,WAS,1,6,6,48,0,4.8,4.8,2017,2,2.1,,,
1035,Jordan Reed,WAS,1,5,3,21,0,2.1,2.1,2017,4,3.7,,,
1121,Jordan Reed,WAS,1,5,4,37,0,3.7,3.7,2017,6,18.4,,,
1151,Jordan Reed,WAS,1,10,8,64,2,18.4,18.4,2017,7,0.5,,,
1246,Jordan Reed,WAS,1,1,1,5,0,0.5,0.5,2017,8,,,,
261,Josh Hill,NO,1,5,2,23,1,8.3,8.3,2016,6,0.6,,,
340,Josh Hill,NO,1,1,1,6,0,0.6,0.6,2016,7,0.3,,,
396,Josh Hill,NO,1,1,1,3,0,0.3,0.3,2016,8,4.0,,,
422,Josh Hill,NO,1,4,4,40,0,4.0,4.0,2016,9,0.0,,,
498,Josh Hill,NO,1,1,0,0,0,0.0,0.0,2016,10,0.0,,,
547,Josh Hill,NO,1,2,0,0,0,0.0,0.0,2016,11,7.4,,,
561,Josh Hill,NO,1,6,6,74,0,7.4,7.4,2016,12,2.9,,,
924,Josh Hill,NO,1,3,3,29,0,2.9,2.9,2017,2,2.9,,,
1217,Josh Hill,NO,1,4,3,29,0,2.9,2.9,2017,8,-0.2,,,
1349,Josh Hill,NO,1,1,1,-2,0,-0.2,-0.2,2017,10,5.5,,,
1364,Josh Hill,NO,1,1,1,3,1,5.5,5.5,2017,11,1.4,,,
1529,Josh Hill,NO,1,3,2,14,0,1.4,1.4,2017,14,2.2,,,
1581,Josh Hill,NO,1,2,1,22,0,2.2,2.2,2017,15,1.1,,,
1641,Josh Hill,NO,1,3,2,11,0,1.1,1.1,2017,16,0.8,,,
1691,Josh Hill,NO,1,2,1,8,0,0.8,0.8,2017,17,,,,
749,Joshua Perkins,ATL,1,1,1,8,0,0.8,0.8,2016,15,9.4,,,
755,Joshua Perkins,ATL,1,3,2,34,1,9.4,9.4,2016,16,,,,
1,Julius Thomas,JAC,1,5,5,64,1,12.4,12.4,2016,1,7.1,,,
65,Julius Thomas,JAC,1,7,4,71,0,7.1,7.1,2016,2,1.3,,,
138,Julius Thomas,JAC,1,5,2,13,0,1.3,1.3,2016,3,2.8,,,
276,Julius Thomas,JAC,1,4,2,28,0,2.8,2.8,2016,6,8.0,,,
303,Julius Thomas,JAC,1,7,3,20,1,8.0,8.0,2016,7,8.8,,,
359,Julius Thomas,JAC,1,6,3,28,1,8.8,8.8,2016,8,2.1,,,
429,Julius Thomas,JAC,1,2,2,21,0,2.1,2.1,2016,9,8.4,,,
458,Julius Thomas,JAC,1,10,6,24,1,8.4,8.4,2016,10,1.2,,,
535,Julius Thomas,JAC,1,5,3,12,0,1.2,1.2,2016,11,2.6,,,
927,Julius Thomas,MIA,1,3,3,26,0,2.6,2.6,2017,2,1.6,,,
981,Julius Thomas,MIA,1,5,3,16,0,1.6,1.6,2017,3,2.9,,,
1030,Julius Thomas,MIA,1,4,2,29,0,2.9,2.9,2017,4,1.5,,,
1088,Julius Thomas,MIA,1,4,1,15,0,1.5,1.5,2017,5,2.2,,,
1128,Julius Thomas,MIA,1,5,3,22,0,2.2,2.2,2017,6,5.8,,,
1170,Julius Thomas,MIA,1,4,3,58,0,5.8,5.8,2017,7,0.2,,,
1247,Julius Thomas,MIA,1,3,2,2,0,0.2,0.2,2017,8,14.4,,,
1250,Julius Thomas,MIA,1,8,6,84,1,14.4,14.4,2017,9,6.8,,,
1312,Julius Thomas,MIA,1,5,2,8,1,6.8,6.8,2017,10,3.0,,,
1370,Julius Thomas,MIA,1,4,4,30,0,3.0,3.0,2017,11,5.2,,,
1413,Julius Thomas,MIA,1,6,5,52,0,5.2,5.2,2017,12,8.0,,,
1461,Julius Thomas,MIA,1,3,3,20,1,8.0,8.0,2017,13,1.1,,,
1537,Julius Thomas,MIA,1,4,2,11,0,1.1,1.1,2017,14,1.5,,,
1588,Julius Thomas,MIA,1,4,2,15,0,1.5,1.5,2017,15,,,,
137,Justin Perillo,GB,1,1,1,13,0,1.3,1.3,2016,3,1.8,,,
430,Justin Perillo,GB,1,2,2,18,0,1.8,1.8,2016,9,,,,
10,Kyle Rudolph,MIN,1,8,4,65,0,6.5,6.5,2016,1,9.1,,,
59,Kyle Rudolph,MIN,1,8,3,31,1,9.1,9.1,2016,2,13.0,,,
105,Kyle Rudolph,MIN,1,10,7,70,1,13.0,13.0,2016,3,11.5,,,
153,Kyle Rudolph,MIN,1,7,5,55,1,11.5,11.5,2016,4,1.5,,,
226,Kyle Rudolph,MIN,1,4,2,15,0,1.5,1.5,2016,5,5.5,,,
308,Kyle Rudolph,MIN,1,11,5,55,0,5.5,5.5,2016,7,3.1,,,
374,Kyle Rudolph,MIN,1,6,5,31,0,3.1,3.1,2016,8,6.1,,,
418,Kyle Rudolph,MIN,1,3,1,1,1,6.1,6.1,2016,9,12.9,,,
452,Kyle Rudolph,MIN,1,8,5,69,1,12.9,12.9,2016,10,1.2,,,
534,Kyle Rudolph,MIN,1,3,2,12,0,1.2,1.2,2016,11,6.4,,,
565,Kyle Rudolph,MIN,1,10,9,64,0,6.4,6.4,2016,12,4.5,,,
614,Kyle Rudolph,MIN,1,12,6,45,0,4.5,4.5,2016,13,12.0,,,
652,Kyle Rudolph,MIN,1,8,4,60,1,12.0,12.0,2016,14,9.7,,,
705,Kyle Rudolph,MIN,1,10,8,97,0,9.7,9.7,2016,15,5.3,,,
769,Kyle Rudolph,MIN,1,9,6,53,0,5.3,5.3,2016,16,17.7,,,
801,Kyle Rudolph,MIN,1,15,11,117,1,17.7,17.7,2016,17,8.6,,,
856,Kyle Rudolph,MIN,1,3,3,26,1,8.6,8.6,2017,1,4.5,,,
920,Kyle Rudolph,MIN,1,6,4,45,0,4.5,4.5,2017,2,0.4,,,
999,Kyle Rudolph,MIN,1,2,1,4,0,0.4,0.4,2017,3,3.4,,,
1028,Kyle Rudolph,MIN,1,4,2,34,0,3.4,3.4,2017,4,10.5,,,
1056,Kyle Rudolph,MIN,1,9,6,45,1,10.5,10.5,2017,5,4.7,,,
1118,Kyle Rudolph,MIN,1,9,5,47,0,4.7,4.7,2017,6,4.3,,,
1173,Kyle Rudolph,MIN,1,7,5,43,0,4.3,4.3,2017,7,8.7,,,
1206,Kyle Rudolph,MIN,1,7,6,27,1,8.7,8.7,2017,8,3.7,,,
1320,Kyle Rudolph,MIN,1,7,5,37,0,3.7,3.7,2017,10,5.8,,,
1363,Kyle Rudolph,MIN,1,7,5,58,0,5.8,5.8,2017,11,18.3,,,
1401,Kyle Rudolph,MIN,1,4,4,63,2,18.3,18.3,2017,12,9.6,,,
1457,Kyle Rudolph,MIN,1,5,4,36,1,9.6,9.6,2017,13,10.1,,,
1506,Kyle Rudolph,MIN,1,5,3,41,1,10.1,10.1,2017,14,7.7,,,
1562,Kyle Rudolph,MIN,1,2,2,17,1,7.7,7.7,2017,15,0.6,,,
1646,Kyle Rudolph,MIN,1,1,1,6,0,0.6,0.6,2017,16,0.3,,,
1697,Kyle Rudolph,MIN,1,3,1,3,0,0.3,0.3,2017,17,,,,
478,Ladarius Green,PIT,1,4,3,30,0,3.0,3.0,2016,10,0.0,,,
546,Ladarius Green,PIT,1,2,0,0,0,0.0,0.0,2016,11,6.7,,,
564,Ladarius Green,PIT,1,3,2,67,0,6.7,6.7,2016,12,17.0,,,
602,Ladarius Green,PIT,1,11,6,110,1,17.0,17.0,2016,13,2.5,,,
676,Ladarius Green,PIT,1,6,2,25,0,2.5,2.5,2016,14,7.2,,,
712,Ladarius Green,PIT,1,8,5,72,0,7.2,7.2,2016,15,,,,
36,Lance Kendricks,LAR,1,3,2,15,0,1.5,1.5,2016,1,6.1,,,
67,Lance Kendricks,LAR,1,6,4,61,0,6.1,6.1,2016,2,5.2,,,
166,Lance Kendricks,LAR,1,7,5,52,0,5.2,5.2,2016,4,2.4,,,
223,Lance Kendricks,LAR,1,3,2,24,0,2.4,2.4,2016,5,9.4,,,
257,Lance Kendricks,LAR,1,8,5,34,1,9.4,9.4,2016,6,5.5,,,
307,Lance Kendricks,LAR,1,9,7,55,0,5.5,5.5,2016,7,9.0,,,
412,Lance Kendricks,LAR,1,12,7,90,0,9.0,9.0,2016,9,3.8,,,
515,Lance Kendricks,LAR,1,7,4,38,0,3.8,3.8,2016,11,11.1,,,
553,Lance Kendricks,LAR,1,7,4,51,1,11.1,11.1,2016,12,1.3,,,
637,Lance Kendricks,LAR,1,5,2,13,0,1.3,1.3,2016,13,1.3,,,
689,Lance Kendricks,LAR,1,3,1,13,0,1.3,1.3,2016,14,3.6,,,
778,Lance Kendricks,LAR,1,4,3,36,0,3.6,3.6,2016,16,1.2,,,
836,Lance Kendricks,LAR,1,3,2,12,0,1.2,1.2,2016,17,1.8,,,
879,Lance Kendricks,GB,1,4,2,18,0,1.8,1.8,2017,1,11.2,,,
956,Lance Kendricks,GB,1,3,2,52,1,11.2,11.2,2017,3,2.4,,,
1078,Lance Kendricks,GB,1,1,1,24,0,2.4,2.4,2017,5,3.2,,,
1273,Lance Kendricks,GB,1,3,2,32,0,3.2,3.2,2017,9,0.9,,,
1332,Lance Kendricks,GB,1,2,1,9,0,0.9,0.9,2017,10,0.5,,,
1398,Lance Kendricks,GB,1,4,1,5,0,0.5,0.5,2017,11,1.1,,,
1499,Lance Kendricks,GB,1,1,1,11,0,1.1,1.1,2017,13,1.1,,,
1536,Lance Kendricks,GB,1,5,2,11,0,1.1,1.1,2017,14,3.6,,,
1617,Lance Kendricks,GB,1,9,4,36,0,3.6,3.6,2017,16,,,,
5,Larry Donnell,NYG,1,2,1,15,1,7.5,7.5,2016,1,2.4,,,
85,Larry Donnell,NYG,1,5,4,24,0,2.4,2.4,2016,2,1.1,,,
140,Larry Donnell,NYG,1,4,3,11,0,1.1,1.1,2016,3,3.4,,,
271,Larry Donnell,NYG,1,7,6,34,0,3.4,3.4,2016,6,0.8,,,
336,Larry Donnell,NYG,1,3,1,8,0,0.8,0.8,2016,7,,,,
86,Lee Smith,OAK,1,4,4,24,0,2.4,2.4,2016,2,0.4,,,
147,Lee Smith,OAK,1,1,1,4,0,0.4,0.4,2016,3,0.1,,,
196,Lee Smith,OAK,1,1,1,1,0,0.1,0.1,2016,4,0.9,,,
947,Lee Smith,OAK,1,1,1,9,0,0.9,0.9,2017,2,1.5,,,
1040,Lee Smith,OAK,1,2,2,15,0,1.5,1.5,2017,4,2.1,,,
1225,Lee Smith,OAK,1,3,1,21,0,2.1,2.1,2017,8,1.2,,,
1437,Lee Smith,OAK,1,1,1,12,0,1.2,1.2,2017,12,1.6,,,
1630,Lee Smith,OAK,1,3,2,16,0,1.6,1.6,2017,16,,,,
89,Levine Toilolo,ATL,1,2,2,21,0,2.1,2.1,2016,2,12.9,,,
254,Levine Toilolo,ATL,1,4,3,69,1,12.9,12.9,2016,6,0.5,,,
344,Levine Toilolo,ATL,1,1,1,5,0,0.5,0.5,2016,7,9.2,,,
411,Levine Toilolo,ATL,1,1,1,32,1,9.2,9.2,2016,9,1.8,,,
583,Levine Toilolo,ATL,1,1,1,18,0,1.8,1.8,2016,12,4.2,,,
617,Levine Toilolo,ATL,1,1,1,42,0,4.2,4.2,2016,13,1.9,,,
680,Levine Toilolo,ATL,1,1,1,19,0,1.9,1.9,2016,14,3.0,,,
726,Levine Toilolo,ATL,1,1,1,30,0,3.0,3.0,2016,15,1.8,,,
832,Levine Toilolo,ATL,1,3,1,18,0,1.8,1.8,2016,17,2.1,,,
1036,Levine Toilolo,ATL,1,3,3,21,0,2.1,2.1,2017,4,2.0,,,
1227,Levine Toilolo,ATL,1,3,2,20,0,2.0,2.0,2017,8,0.8,,,
1286,Levine Toilolo,ATL,1,1,1,8,0,0.8,0.8,2017,9,1.0,,,
1330,Levine Toilolo,ATL,1,1,1,10,0,1.0,1.0,2017,10,9.1,,,
1357,Levine Toilolo,ATL,1,2,2,31,1,9.1,9.1,2017,11,2.5,,,
1477,Levine Toilolo,ATL,1,2,2,25,0,2.5,2.5,2017,13,0.7,,,
1546,Levine Toilolo,ATL,1,1,1,7,0,0.7,0.7,2017,14,6.0,,,
1566,Levine Toilolo,ATL,1,0,0,0,0,6.0,6.0,2017,15,,,,
187,Logan Paulsen,CHI,1,3,2,10,0,1.0,1.0,2016,4,0.0,,,
246,Logan Paulsen,CHI,1,1,0,0,0,0.0,0.0,2016,5,0.5,,,
394,Logan Paulsen,CHI,1,2,1,5,0,0.5,0.5,2016,8,,,,
1098,Logan Thomas,BUF,1,2,1,3,0,0.3,0.3,2017,5,8.2,,,
1161,Logan Thomas,BUF,1,1,1,22,1,8.2,8.2,2017,7,0.7,,,
1244,Logan Thomas,BUF,1,1,1,7,0,0.7,0.7,2017,8,2.5,,,
1276,Logan Thomas,BUF,1,3,2,25,0,2.5,2.5,2017,9,,,,
387,Luke Stocker,TB,1,2,2,8,0,0.8,0.8,2016,8,1.1,,,
488,Luke Stocker,TB,1,2,1,11,0,1.1,1.1,2016,10,0.1,,,
846,Luke Stocker,TB,1,1,1,1,0,0.1,0.1,2016,17,0.5,,,
1144,Luke Stocker,TB,1,1,1,5,0,0.5,0.5,2017,6,7.3,,,
1257,Luke Stocker,TB,1,2,2,13,1,7.3,7.3,2017,9,1.2,,,
1681,Luke Stocker,TEN,1,1,1,12,0,1.2,1.2,2017,17,,,,
24,Luke Willson,SEA,1,4,2,26,0,2.6,2.6,2016,1,0.6,,,
99,Luke Willson,SEA,1,1,1,6,0,0.6,0.6,2016,2,0.9,,,
143,Luke Willson,SEA,1,3,2,9,0,0.9,0.9,2016,3,0.9,,,
295,Luke Willson,SEA,1,1,1,9,0,0.9,0.9,2016,6,1.2,,,
536,Luke Willson,SEA,1,1,1,12,0,1.2,1.2,2016,11,1.1,,,
593,Luke Willson,SEA,1,1,1,11,0,1.1,1.1,2016,12,1.1,,,
694,Luke Willson,SEA,1,1,1,11,0,1.1,1.1,2016,14,7.9,,,
711,Luke Willson,SEA,1,3,3,19,1,7.9,7.9,2016,15,8.6,,,
810,Luke Willson,SEA,1,3,3,26,1,8.6,8.6,2016,17,2.5,,,
929,Luke Willson,SEA,1,3,3,25,0,2.5,2.5,2017,2,11.3,,,
955,Luke Willson,SEA,1,4,3,53,1,11.3,11.3,2017,3,6.6,,,
1012,Luke Willson,SEA,1,1,1,6,1,6.6,6.6,2017,4,1.3,,,
1188,Luke Willson,SEA,1,1,1,13,0,1.3,1.3,2017,7,7.0,,,
1260,Luke Willson,SEA,1,2,1,10,1,7.0,7.0,2017,9,1.2,,,
1533,Luke Willson,SEA,1,1,1,12,0,1.2,1.2,2017,14,8.6,,,
1561,Luke Willson,SEA,1,2,1,26,1,8.6,8.6,2017,15,0.9,,,
1645,Luke Willson,SEA,1,2,2,9,0,0.9,0.9,2017,16,,,,
42,Malcolm Johnson,CLE,1,2,2,9,0,0.9,0.9,2016,1,0.3,,,
148,Malcolm Johnson,CLE,1,1,1,3,0,0.3,0.3,2016,3,1.3,,,
183,Malcolm Johnson,CLE,1,1,1,11,0,1.3,1.3,2016,4,0.0,,,
245,Malcolm Johnson,CLE,1,1,0,0,0,0.0,0.0,2016,5,2.1,,,
321,Malcolm Johnson,CLE,1,2,1,21,0,2.1,2.1,2016,7,,,,
262,MarQueis Gray,MIA,1,3,3,81,0,8.1,8.1,2016,6,1.0,,,
440,MarQueis Gray,MIA,1,4,2,10,0,1.0,1.0,2016,9,1.8,,,
486,MarQueis Gray,MIA,1,2,2,18,0,1.8,1.8,2016,10,0.5,,,
539,MarQueis Gray,MIA,1,1,1,5,0,0.5,0.5,2016,11,1.2,,,
590,MarQueis Gray,MIA,1,2,2,12,0,1.2,1.2,2016,12,2.8,,,
728,MarQueis Gray,MIA,1,3,3,28,0,2.8,2.8,2016,15,2.0,,,
788,MarQueis Gray,MIA,1,1,1,20,0,2.0,2.0,2016,16,0.3,,,
1293,MarQueis Gray,MIA,1,0,0,0,0,0.3,0.3,2017,9,1.2,,,
1531,MarQueis Gray,MIA,1,1,1,10,0,1.2,1.2,2017,14,0.7,,,
1599,MarQueis Gray,MIA,1,0,0,0,0,0.7,0.7,2017,15,0.2,,,
1698,MarQueis Gray,MIA,1,0,0,0,0,0.2,0.2,2017,17,,,,
16,Marcedes Lewis,JAC,1,2,2,48,0,4.8,4.8,2016,1,7.7,,,
63,Marcedes Lewis,JAC,1,3,2,17,1,7.7,7.7,2016,2,2.0,,,
128,Marcedes Lewis,JAC,1,3,3,20,0,2.0,2.0,2016,3,1.2,,,
185,Marcedes Lewis,JAC,1,2,1,12,0,1.2,1.2,2016,4,1.1,,,
331,Marcedes Lewis,JAC,1,3,1,11,0,1.1,1.1,2016,7,2.3,,,
378,Marcedes Lewis,JAC,1,6,4,23,0,2.3,2.3,2016,8,2.3,,,
428,Marcedes Lewis,JAC,1,4,2,23,0,2.3,2.3,2016,9,1.6,,,
530,Marcedes Lewis,JAC,1,2,2,16,0,1.6,1.6,2016,11,24.2,,,
950,Marcedes Lewis,JAC,1,5,4,62,3,24.2,24.2,2017,3,1.4,,,
1089,Marcedes Lewis,JAC,1,2,1,14,0,1.4,1.4,2017,5,0.0,,,
1149,Marcedes Lewis,JAC,1,2,0,0,0,0.0,0.0,2017,6,8.9,,,
1158,Marcedes Lewis,JAC,1,3,2,29,1,8.9,8.9,2017,7,4.9,,,
1266,Marcedes Lewis,JAC,1,6,3,49,0,4.9,4.9,2017,9,2.9,,,
1322,Marcedes Lewis,JAC,1,5,2,29,0,2.9,2.9,2017,10,8.6,,,
1358,Marcedes Lewis,JAC,1,2,2,26,1,8.6,8.6,2017,11,1.0,,,
1439,Marcedes Lewis,JAC,1,2,1,10,0,1.0,1.0,2017,12,4.6,,,
1465,Marcedes Lewis,JAC,1,5,4,46,0,4.6,4.6,2017,13,1.8,,,
1584,Marcedes Lewis,JAC,1,2,2,18,0,1.8,1.8,2017,15,2.2,,,
1627,Marcedes Lewis,JAC,1,1,1,22,0,2.2,2.2,2017,16,1.3,,,
1678,Marcedes Lewis,JAC,1,3,2,13,0,1.3,1.3,2017,17,,,,
37,Martellus Bennett,NE,1,5,3,14,0,1.4,1.4,2016,1,17.4,,,
51,Martellus Bennett,NE,1,6,5,114,1,17.4,17.4,2016,2,1.6,,,
131,Martellus Bennett,NE,1,3,2,10,0,1.6,1.6,2016,3,10.9,,,
155,Martellus Bennett,NE,1,6,5,109,0,10.9,10.9,2016,4,24.7,,,
200,Martellus Bennett,NE,1,8,6,67,3,24.7,24.7,2016,5,4.8,,,
266,Martellus Bennett,NE,1,5,5,48,0,4.8,4.8,2016,6,0.5,,,
342,Martellus Bennett,NE,1,2,1,5,0,0.5,0.5,2016,7,3.5,,,
370,Martellus Bennett,NE,1,5,4,35,0,3.5,3.5,2016,8,10.2,,,
455,Martellus Bennett,NE,1,7,7,102,0,10.2,10.2,2016,10,1.4,,,
532,Martellus Bennett,NE,1,2,1,14,0,1.4,1.4,2016,11,2.6,,,
579,Martellus Bennett,NE,1,5,3,22,0,2.6,2.6,2016,12,0.4,,,
648,Martellus Bennett,NE,1,4,2,4,0,0.4,0.4,2016,13,13.0,,,
651,Martellus Bennett,NE,1,4,4,70,1,13.0,13.0,2016,14,3.5,,,
722,Martellus Bennett,NE,1,4,2,35,0,3.5,3.5,2016,15,7.9,,,
762,Martellus Bennett,NE,1,2,2,19,1,7.9,7.9,2016,16,9.3,,,
808,Martellus Bennett,NE,1,5,3,33,1,9.3,9.3,2016,17,4.3,,,
864,Martellus Bennett,GB,1,6,3,43,0,4.3,4.3,2017,1,4.7,,,
918,Martellus Bennett,GB,1,11,5,47,0,4.7,4.7,2017,2,1.2,,,
984,Martellus Bennett,GB,1,4,3,12,0,1.2,1.2,2017,3,3.9,,,
1025,Martellus Bennett,GB,1,7,6,39,0,3.9,3.9,2017,4,5.3,,,
1069,Martellus Bennett,GB,1,3,3,53,0,5.3,5.3,2017,5,2.2,,,
1127,Martellus Bennett,GB,1,4,2,22,0,2.2,2.2,2017,6,1.7,,,
1184,Martellus Bennett,GB,1,3,2,17,0,1.7,1.7,2017,7,3.8,,,
1319,Martellus Bennett,NE,1,3,3,38,0,3.8,3.8,2017,10,1.5,,,
1379,Martellus Bennett,NE,1,3,3,15,0,1.5,1.5,2017,11,,,,
763,Matt Lengel,NE,1,1,1,18,1,7.8,7.8,2016,16,0.4,,,
845,Matt Lengel,NE,1,2,1,4,0,0.4,0.4,2016,17,,,,
894,Maxx Williams,BAL,1,1,1,5,0,0.5,0.5,2017,1,2.3,,,
932,Maxx Williams,BAL,1,4,4,21,0,2.3,2.3,2017,2,0.6,,,
1143,Maxx Williams,BAL,1,1,1,6,0,0.6,0.6,2017,6,2.9,,,
1274,Maxx Williams,BAL,1,3,3,29,0,2.9,2.9,2017,9,0.6,,,
1395,Maxx Williams,BAL,1,2,2,6,0,0.6,0.6,2017,11,1.2,,,
1438,Maxx Williams,BAL,1,1,1,12,0,1.2,1.2,2017,12,6.6,,,
1608,Maxx Williams,BAL,1,3,2,6,1,6.6,6.6,2017,16,,,,
948,Michael Hoomanawanui,NO,1,1,1,8,0,0.8,0.8,2017,2,1.3,,,
1042,Michael Hoomanawanui,NO,1,2,1,13,0,1.3,1.3,2017,4,8.7,,,
1108,Michael Hoomanawanui,NO,1,3,2,27,1,8.7,8.7,2017,6,0.4,,,
1336,Michael Hoomanawanui,NO,1,1,1,4,0,0.4,0.4,2017,10,,,,
1039,Michael Roberts,DET,1,1,1,15,0,1.5,1.5,2017,4,2.3,,,
1479,Michael Roberts,DET,1,1,1,23,0,2.3,2.3,2017,13,0.8,,,
1542,Michael Roberts,DET,1,2,2,8,0,0.8,0.8,2017,14,,,,
192,MyCole Pruitt,MIN,1,1,1,7,0,0.7,0.7,2016,4,0.6,,,
844,MyCole Pruitt,CHI,1,1,1,6,0,0.6,0.6,2016,17,,,,
195,Mychal Rivera,OAK,1,1,1,1,0,0.1,0.1,2016,4,0.0,,,
248,Mychal Rivera,OAK,1,0,0,0,0,0.0,0.0,2016,5,1.6,,,
285,Mychal Rivera,OAK,1,2,1,16,0,1.6,1.6,2016,6,1.3,,,
330,Mychal Rivera,OAK,1,1,1,13,0,1.3,1.3,2016,7,9.6,,,
355,Mychal Rivera,OAK,1,3,3,36,1,9.6,9.6,2016,8,0.6,,,
445,Mychal Rivera,OAK,1,1,1,6,0,0.6,0.6,2016,9,1.3,,,
589,Mychal Rivera,OAK,1,2,2,13,0,1.3,1.3,2016,12,5.7,,,
610,Mychal Rivera,OAK,1,5,3,57,0,5.7,5.7,2016,13,2.6,,,
674,Mychal Rivera,OAK,1,5,3,26,0,2.6,2.6,2016,14,1.5,,,
734,Mychal Rivera,OAK,1,2,1,15,0,1.5,1.5,2016,15,0.9,,,
840,Mychal Rivera,OAK,1,3,2,9,0,0.9,0.9,2016,17,,,,
188,Neal Sterling,JAC,1,1,1,10,0,1.0,1.0,2016,4,1.6,,,
585,Neal Sterling,JAC,1,3,2,16,0,1.6,1.6,2016,12,4.3,,,
616,Neal Sterling,JAC,1,6,5,43,0,4.3,4.3,2016,13,2.7,,,
673,Neal Sterling,JAC,1,5,3,27,0,2.7,2.7,2016,14,1.4,,,
735,Neal Sterling,JAC,1,1,1,14,0,1.4,1.4,2016,15,0.8,,,
949,Neal Sterling,NYJ,1,1,1,8,0,0.8,0.8,2017,2,0.0,,,
1348,Neal Sterling,NYJ,1,1,0,0,0,0.0,0.0,2017,10,7.4,,,
1654,Neal Sterling,NYJ,1,8,5,74,0,7.4,7.4,2017,17,,,,
626,Nick Boyle,BAL,1,2,2,24,0,2.4,2.4,2016,13,1.5,,,
686,Nick Boyle,BAL,1,3,3,15,0,1.5,1.5,2016,14,1.4,,,
886,Nick Boyle,BAL,1,1,1,14,0,1.4,1.4,2017,1,0.9,,,
945,Nick Boyle,BAL,1,1,1,9,0,0.9,0.9,2017,2,1.4,,,
983,Nick Boyle,BAL,1,2,2,14,0,1.4,1.4,2017,3,3.6,,,
1026,Nick Boyle,BAL,1,5,5,36,0,3.6,3.6,2017,4,0.9,,,
1092,Nick Boyle,BAL,1,2,1,9,0,0.9,0.9,2017,5,1.5,,,
1132,Nick Boyle,BAL,1,3,2,15,0,1.5,1.5,2017,6,1.2,,,
1189,Nick Boyle,BAL,1,3,2,12,0,1.2,1.2,2017,7,2.9,,,
1216,Nick Boyle,BAL,1,4,4,29,0,2.9,2.9,2017,8,0.9,,,
1441,Nick Boyle,BAL,1,1,1,9,0,0.9,0.9,2017,12,1.1,,,
1498,Nick Boyle,BAL,1,3,1,11,0,1.1,1.1,2017,13,0.9,,,
1596,Nick Boyle,BAL,1,2,1,9,0,0.9,0.9,2017,15,0.9,,,
1644,Nick Boyle,BAL,1,4,3,9,0,0.9,0.9,2017,16,2.4,,,
1668,Nick Boyle,BAL,1,3,2,24,0,2.4,2.4,2017,17,,,,
122,Nick O'Leary,BUF,1,1,1,28,0,2.8,2.8,2016,3,2.0,,,
176,Nick O'Leary,BUF,1,2,2,20,0,2.0,2.0,2016,4,2.9,,,
275,Nick O'Leary,BUF,1,2,2,29,0,2.9,2.9,2016,6,0.7,,,
338,Nick O'Leary,BUF,1,1,1,7,0,0.7,0.7,2016,7,1.0,,,
385,Nick O'Leary,BUF,1,1,1,10,0,1.0,1.0,2016,8,0.8,,,
643,Nick O'Leary,BUF,1,3,1,8,0,0.8,0.8,2016,13,1.2,,,
691,Nick O'Leary,BUF,1,1,1,12,0,1.2,1.2,2016,14,2.2,,,
876,Nick O'Leary,BUF,1,2,1,22,0,2.2,2.2,2017,1,3.1,,,
968,Nick O'Leary,BUF,1,1,1,31,0,3.1,3.1,2017,3,5.4,,,
1068,Nick O'Leary,BUF,1,6,5,54,0,5.4,5.4,2017,5,5.8,,,
1169,Nick O'Leary,BUF,1,2,2,58,0,5.8,5.8,2017,7,0.5,,,
1245,Nick O'Leary,BUF,1,3,1,5,0,0.5,0.5,2017,8,5.1,,,
1265,Nick O'Leary,BUF,1,5,4,51,0,5.1,5.1,2017,9,6.7,,,
1313,Nick O'Leary,BUF,1,2,1,7,1,6.7,6.7,2017,10,0.8,,,
1391,Nick O'Leary,BUF,1,3,1,8,0,0.8,0.8,2017,11,1.8,,,
1431,Nick O'Leary,BUF,1,2,2,18,0,1.8,1.8,2017,12,0.9,,,
1541,Nick O'Leary,BUF,1,1,1,9,0,0.9,0.9,2017,14,3.3,,,
1573,Nick O'Leary,BUF,1,2,2,33,0,3.3,3.3,2017,15,8.6,,,
1653,Nick O'Leary,BUF,1,2,1,26,1,8.6,8.6,2017,17,,,,
389,Nick Vannett,SEA,1,1,1,7,0,0.7,0.7,2016,8,2.5,,,
625,Nick Vannett,SEA,1,2,2,25,0,2.5,2.5,2016,13,1.0,,,
889,Nick Vannett,SEA,1,1,1,10,0,1.0,1.0,2017,1,0.3,,,
1099,Nick Vannett,SEA,1,2,2,3,0,0.3,0.3,2017,5,1.2,,,
1191,Nick Vannett,SEA,1,1,1,12,0,1.2,1.2,2017,7,0.8,,,
1243,Nick Vannett,SEA,1,1,1,8,0,0.8,0.8,2017,8,2.2,,,
1325,Nick Vannett,SEA,1,2,2,22,0,2.2,2.2,2017,10,8.9,,,
1408,Nick Vannett,SEA,1,4,2,29,1,8.9,8.9,2017,12,4.0,,,
1468,Nick Vannett,SEA,1,3,3,40,0,4.0,4.0,2017,13,,,,
91,Niles Paul,WAS,1,1,1,16,0,1.6,1.6,2016,2,1.1,,,
332,Niles Paul,WAS,1,1,1,11,0,1.1,1.1,2016,7,3.2,,,
1176,Niles Paul,WAS,1,1,1,32,0,3.2,3.2,2017,7,1.6,,,
1378,Niles Paul,WAS,1,2,2,11,0,1.6,1.6,2017,11,1.6,,,
1433,Niles Paul,WAS,1,5,3,16,0,1.6,1.6,2017,12,1.2,,,
1496,Niles Paul,WAS,1,3,3,12,0,1.2,1.2,2017,13,1.5,,,
1528,Niles Paul,WAS,1,1,1,15,0,1.5,1.5,2017,14,1.1,,,
1593,Niles Paul,WAS,1,2,1,11,0,1.1,1.1,2017,15,,,,
937,O.J. Howard,TB,1,3,1,17,0,1.7,1.7,2017,2,1.2,,,
985,O.J. Howard,TB,1,1,1,12,0,1.2,1.2,2017,3,12.3,,,
1004,O.J. Howard,TB,1,4,2,63,1,12.3,12.3,2017,4,1.5,,,
1133,O.J. Howard,TB,1,3,1,15,0,1.5,1.5,2017,6,21.8,,,
1150,O.J. Howard,TB,1,6,6,98,2,21.8,21.8,2017,7,1.6,,,
1231,O.J. Howard,TB,1,2,2,16,0,1.6,1.6,2017,8,0.6,,,
1287,O.J. Howard,TB,1,2,1,6,0,0.6,0.6,2017,9,11.2,,,
1352,O.J. Howard,TB,1,4,3,52,1,11.2,11.2,2017,11,5.2,,,
1412,O.J. Howard,TB,1,4,3,52,0,5.2,5.2,2017,12,1.7,,,
1487,O.J. Howard,TB,1,2,1,17,0,1.7,1.7,2017,13,11.4,,,
1503,O.J. Howard,TB,1,6,4,54,1,11.4,11.4,2017,14,9.0,,,
1560,O.J. Howard,TB,1,1,1,30,1,9.0,9.0,2017,15,,,,
1582,Orson Charles,KC,1,1,1,18,0,1.8,1.8,2017,15,3.5,,,
1618,Orson Charles,KC,1,1,1,35,0,3.5,3.5,2017,16,,,,
97,Phillip Supernaw,TEN,1,1,1,7,0,0.7,0.7,2016,2,2.5,,,
278,Phillip Supernaw,TEN,1,2,2,25,0,2.5,2.5,2016,6,3.0,,,
376,Phillip Supernaw,TEN,1,1,1,30,0,3.0,3.0,2016,8,7.6,,,
1064,Phillip Supernaw,TEN,1,2,2,16,1,7.6,7.6,2017,5,2.0,,,
1484,Phillip Supernaw,TEN,1,1,1,20,0,2.0,2.0,2017,13,,,,
399,Randall Telfer,CLE,1,2,0,0,0,0.0,0.0,2016,8,2.0,,,
935,Randall Telfer,CLE,1,1,1,20,0,2.0,2.0,2017,2,1.2,,,
1532,Randall Telfer,CLE,1,2,1,12,0,1.2,1.2,2017,14,,,,
130,Rhett Ellison,MIN,1,1,1,18,0,1.8,1.8,2016,3,0.2,,,
194,Rhett Ellison,MIN,1,1,1,2,0,0.2,0.2,2016,4,6.5,,,
414,Rhett Ellison,MIN,1,1,1,4,0,6.5,6.5,2016,9,0.8,,,
491,Rhett Ellison,MIN,1,2,2,8,0,0.8,0.8,2016,10,2.1,,,
582,Rhett Ellison,MIN,1,2,1,21,0,2.1,2.1,2016,12,0.6,,,
646,Rhett Ellison,MIN,1,1,1,6,0,0.6,0.6,2016,13,0.9,,,
891,Rhett Ellison,NYG,1,1,1,9,0,0.9,0.9,2017,1,2.1,,,
934,Rhett Ellison,NYG,1,2,2,21,0,2.1,2.1,2017,2,7.1,,,
1011,Rhett Ellison,NYG,1,2,2,11,1,7.1,7.1,2017,4,0.9,,,
1093,Rhett Ellison,NYG,1,2,1,9,0,0.9,0.9,2017,5,2.1,,,
1277,Rhett Ellison,NYG,1,2,2,21,0,2.1,2.1,2017,9,0.7,,,
1392,Rhett Ellison,NYG,1,1,1,7,0,0.7,0.7,2017,11,0.9,,,
1442,Rhett Ellison,NYG,1,1,1,9,0,0.9,0.9,2017,12,8.0,,,
1510,Rhett Ellison,NYG,1,5,4,20,1,8.0,8.0,2017,14,6.0,,,
1611,Rhett Ellison,NYG,1,7,4,60,0,6.0,6.0,2017,16,6.3,,,
1657,Rhett Ellison,NYG,1,6,5,63,0,6.3,6.3,2017,17,,,,
27,Richard Rodgers,GB,1,3,1,22,0,2.2,2.2,2016,1,2.5,,,
84,Richard Rodgers,GB,1,2,2,25,0,2.5,2.5,2016,2,6.9,,,
109,Richard Rodgers,GB,1,3,2,9,1,6.9,6.9,2016,3,0.6,,,
234,Richard Rodgers,GB,1,5,1,6,0,0.6,0.6,2016,5,1.5,,,
287,Richard Rodgers,GB,1,3,2,15,0,1.5,1.5,2016,6,0.7,,,
339,Richard Rodgers,GB,1,1,1,7,0,0.7,0.7,2016,7,0.0,,,
398,Richard Rodgers,GB,1,0,0,0,0,0.0,0.0,2016,8,6.4,,,
415,Richard Rodgers,GB,1,10,6,64,0,6.4,6.4,2016,9,2.7,,,
479,Richard Rodgers,GB,1,7,4,27,0,2.7,2.7,2016,10,2.8,,,
522,Richard Rodgers,GB,1,4,4,28,0,2.8,2.8,2016,11,1.6,,,
631,Richard Rodgers,GB,1,2,2,16,0,1.6,1.6,2016,13,0.8,,,
699,Richard Rodgers,GB,1,2,1,8,0,0.8,0.8,2016,14,1.0,,,
744,Richard Rodgers,GB,1,1,1,10,0,1.0,1.0,2016,15,8.0,,,
760,Richard Rodgers,GB,1,2,2,20,1,8.0,8.0,2016,16,1.4,,,
835,Richard Rodgers,GB,1,1,1,14,0,1.4,1.4,2016,17,2.2,,,
933,Richard Rodgers,GB,1,4,2,22,0,2.2,2.2,2017,2,1.6,,,
1087,Richard Rodgers,GB,1,1,1,16,0,1.6,1.6,2017,5,0.5,,,
1291,Richard Rodgers,GB,1,2,1,5,0,0.5,0.5,2017,9,0.8,,,
1333,Richard Rodgers,GB,1,1,1,8,0,0.8,0.8,2017,10,2.5,,,
1427,Richard Rodgers,GB,1,3,1,25,0,2.5,2.5,2017,12,13.7,,,
1552,Richard Rodgers,GB,1,4,4,77,1,13.7,13.7,2017,15,,,,
1350,Ricky Seals-Jones,ARI,1,5,3,54,2,17.4,17.4,2017,11,13.2,,,
1404,Ricky Seals-Jones,ARI,1,6,4,72,1,13.2,13.2,2017,12,4.4,,,
1466,Ricky Seals-Jones,ARI,1,5,2,44,0,4.4,4.4,2017,13,2.0,,,
1523,Ricky Seals-Jones,ARI,1,3,1,20,0,2.0,2.0,2017,14,1.1,,,
1594,Ricky Seals-Jones,ARI,1,6,2,11,0,1.1,1.1,2017,15,,,,
186,Rob Gronkowski,NE,1,2,1,11,0,1.1,1.1,2016,4,10.9,,,
205,Rob Gronkowski,NE,1,7,5,109,0,10.9,10.9,2016,5,22.2,,,
250,Rob Gronkowski,NE,1,9,7,162,1,22.2,22.2,2016,6,15.3,,,
300,Rob Gronkowski,NE,1,4,4,93,1,15.3,15.3,2016,7,16.9,,,
350,Rob Gronkowski,NE,1,7,5,109,1,16.9,16.9,2016,8,5.6,,,
467,Rob Gronkowski,NE,1,6,3,56,0,5.6,5.6,2016,10,3.3,,,
872,Rob Gronkowski,NE,1,6,2,33,0,3.3,3.3,2017,1,17.6,,,
900,Rob Gronkowski,NE,1,9,6,116,1,17.6,17.6,2017,2,14.9,,,
951,Rob Gronkowski,NE,1,10,8,89,1,14.9,14.9,2017,3,8.0,,,
1009,Rob Gronkowski,NE,1,5,4,80,0,8.0,8.0,2017,4,20.3,,,
1100,Rob Gronkowski,NE,1,10,6,83,2,20.3,20.3,2017,6,5.1,,,
1171,Rob Gronkowski,NE,1,7,3,51,0,5.1,5.1,2017,7,11.7,,,
1203,Rob Gronkowski,NE,1,9,5,57,1,11.7,11.7,2017,8,7.4,,,
1309,Rob Gronkowski,NE,1,7,4,74,0,7.4,7.4,2017,10,3.6,,,
1367,Rob Gronkowski,NE,1,3,3,36,0,3.6,3.6,2017,11,20.2,,,
1400,Rob Gronkowski,NE,1,8,5,82,2,20.2,20.2,2017,12,14.7,,,
1453,Rob Gronkowski,NE,1,11,9,147,0,14.7,14.7,2017,13,16.8,,,
1551,Rob Gronkowski,NE,1,13,9,168,0,16.8,16.8,2017,15,12.7,,,
1602,Rob Gronkowski,NE,1,7,5,67,1,12.7,12.7,2017,16,,,,
142,Ross Travis,KC,1,2,2,10,0,1.0,1.0,2016,3,0.5,,,
495,Ross Travis,KC,1,2,1,5,0,0.5,0.5,2016,10,2.6,,,
1073,Ross Travis,KC,1,2,2,26,0,2.6,2.6,2017,5,0.3,,,
1294,Ross Travis,KC,1,2,1,3,0,0.3,0.3,2017,9,1.1,,,
1384,Ross Travis,KC,1,3,1,11,0,1.1,1.1,2017,11,3.3,,,
1574,Ross Travis,IND,1,2,2,33,0,3.3,3.3,2017,15,,,,
33,Ryan Griffin,HOU,1,2,2,17,0,1.7,1.7,2016,1,5.2,,,
116,Ryan Griffin,HOU,1,10,8,52,0,5.2,5.2,2016,3,5.4,,,
165,Ryan Griffin,HOU,1,5,3,54,0,5.4,5.4,2016,4,0.8,,,
233,Ryan Griffin,HOU,1,6,2,8,0,0.8,0.8,2016,5,3.1,,,
273,Ryan Griffin,HOU,1,5,3,31,0,3.1,3.1,2016,6,1.3,,,
329,Ryan Griffin,HOU,1,5,2,13,0,1.3,1.3,2016,7,3.4,,,
372,Ryan Griffin,HOU,1,3,3,34,0,3.4,3.4,2016,8,6.7,,,
464,Ryan Griffin,HOU,1,4,3,7,1,6.7,6.7,2016,10,3.2,,,
520,Ryan Griffin,HOU,1,5,3,32,0,3.2,3.2,2016,11,3.6,,,
575,Ryan Griffin,HOU,1,5,4,36,0,3.6,3.6,2016,12,9.5,,,
607,Ryan Griffin,HOU,1,6,4,35,1,9.5,9.5,2016,13,2.3,,,
677,Ryan Griffin,HOU,1,2,2,23,0,2.3,2.3,2016,14,8.5,,,
707,Ryan Griffin,HOU,1,8,8,85,0,8.5,8.5,2016,15,1.0,,,
837,Ryan Griffin,HOU,1,4,2,10,0,1.0,1.0,2016,17,0.0,,,
899,Ryan Griffin,HOU,1,1,0,0,0,0.0,0.0,2017,1,12.1,,,
952,Ryan Griffin,HOU,1,6,5,61,1,12.1,12.1,2017,3,1.3,,,
1041,Ryan Griffin,HOU,1,5,2,13,0,1.3,1.3,2017,4,2.2,,,
1080,Ryan Griffin,HOU,1,4,2,22,0,2.2,2.2,2017,5,5.2,,,
1116,Ryan Griffin,HOU,1,8,3,52,0,5.2,5.2,2017,6,1.0,,,
1240,Ryan Griffin,HOU,1,2,1,10,0,1.0,1.0,2017,8,,,,
1038,Ryan Hewitt,CIN,1,1,1,16,0,1.6,1.6,2017,4,0.6,,,
1548,Ryan Hewitt,CIN,1,1,1,6,0,0.6,0.6,2017,14,,,,
136,Sean McGrath,SD,1,1,1,13,0,1.3,1.3,2016,3,1.2,,,
487,Sean McGrath,SD,1,1,1,12,0,1.2,1.2,2016,10,1.0,,,
943,Sean McGrath,LAC,1,1,1,10,0,1.0,1.0,2017,2,1.0,,,
1386,Sean McGrath,LAC,1,1,1,10,0,1.0,1.0,2017,11,2.6,,,
1624,Sean McGrath,LAC,1,2,2,26,0,2.6,2.6,2017,16,,,,
393,Seth Devalve,CLE,1,2,1,5,0,0.5,0.5,2016,8,8.5,,,
457,Seth Devalve,CLE,1,1,1,25,1,8.5,8.5,2016,10,0.8,,,
537,Seth Devalve,CLE,1,1,1,8,0,0.8,0.8,2016,11,3.9,,,
573,Seth Devalve,CLE,1,4,3,39,0,3.9,3.9,2016,12,1.1,,,
693,Seth Devalve,CLE,1,2,1,11,0,1.1,1.1,2016,14,2.1,,,
786,Seth Devalve,CLE,1,1,1,21,0,2.1,2.1,2016,16,7.2,,,
814,Seth Devalve,CLE,1,1,1,12,1,7.2,7.2,2016,17,4.2,,,
865,Seth Devalve,CLE,1,5,4,42,0,4.2,4.2,2017,1,6.1,,,
916,Seth Devalve,CLE,1,4,2,61,0,6.1,6.1,2017,2,2.9,,,
972,Seth Devalve,CLE,1,5,2,29,0,2.9,2.9,2017,3,2.4,,,
1076,Seth Devalve,CLE,1,4,3,24,0,2.4,2.4,2017,5,6.9,,,
1113,Seth Devalve,CLE,1,3,2,9,1,6.9,6.9,2017,6,2.7,,,
1178,Seth Devalve,CLE,1,4,2,27,0,2.7,2.7,2017,7,0.0,,,
1248,Seth Devalve,CLE,1,3,1,0,0,0.0,0.0,2017,8,7.0,,,
1311,Seth Devalve,CLE,1,6,4,70,0,7.0,7.0,2017,10,0.5,,,
1396,Seth Devalve,CLE,1,3,1,5,0,0.5,0.5,2017,11,3.3,,,
1422,Seth Devalve,CLE,1,2,2,33,0,3.3,3.3,2017,12,3.3,,,
1471,Seth Devalve,CLE,1,3,2,33,0,3.3,3.3,2017,13,1.6,,,
1526,Seth Devalve,CLE,1,3,2,16,0,1.6,1.6,2017,14,3.2,,,
1576,Seth Devalve,CLE,1,4,2,32,0,3.2,3.2,2017,15,1.2,,,
1638,Seth Devalve,CLE,1,4,3,12,0,1.2,1.2,2017,16,,,,
25,Stephen Anderson,HOU,1,3,3,25,0,2.5,2.5,2016,1,1.5,,,
92,Stephen Anderson,HOU,1,3,2,15,0,1.5,1.5,2016,2,0.0,,,
149,Stephen Anderson,HOU,1,1,0,0,0,0.0,0.0,2016,3,1.7,,,
381,Stephen Anderson,HOU,1,2,2,17,0,1.7,1.7,2016,8,6.7,,,
463,Stephen Anderson,HOU,1,1,1,7,1,6.7,6.7,2016,10,1.4,,,
531,Stephen Anderson,HOU,1,1,1,14,0,1.4,1.4,2016,11,0.8,,,
597,Stephen Anderson,HOU,1,1,1,8,0,0.8,0.8,2016,12,0.0,,,
847,Stephen Anderson,HOU,1,1,0,0,0,0.0,0.0,2016,17,1.4,,,
885,Stephen Anderson,HOU,1,5,2,14,0,1.4,1.4,2017,1,1.4,,,
982,Stephen Anderson,HOU,1,3,1,14,0,1.4,1.4,2017,3,2.8,,,
1031,Stephen Anderson,HOU,1,2,2,28,0,2.8,2.8,2017,4,6.3,,,
1065,Stephen Anderson,HOU,1,2,2,63,0,6.3,6.3,2017,5,1.7,,,
1130,Stephen Anderson,HOU,1,2,2,17,0,1.7,1.7,2017,6,1.1,,,
1236,Stephen Anderson,HOU,1,2,1,11,0,1.1,1.1,2017,8,4.4,,,
1268,Stephen Anderson,HOU,1,6,4,44,0,4.4,4.4,2017,9,3.0,,,
1321,Stephen Anderson,HOU,1,3,2,30,0,3.0,3.0,2017,10,2.2,,,
1376,Stephen Anderson,HOU,1,3,1,22,0,2.2,2.2,2017,11,13.9,,,
1454,Stephen Anderson,HOU,1,12,5,79,1,13.9,13.9,2017,13,1.6,,,
1525,Stephen Anderson,HOU,1,6,2,16,0,1.6,1.6,2017,14,0.4,,,
1695,Stephen Anderson,HOU,1,2,1,4,0,0.4,0.4,2017,17,,,,
6,Travis Kelce,KC,1,7,6,74,0,7.4,7.4,2016,1,3.4,,,
76,Travis Kelce,KC,1,7,5,34,0,3.4,3.4,2016,2,14.9,,,
104,Travis Kelce,KC,1,7,6,89,1,14.9,14.9,2016,3,8.3,,,
159,Travis Kelce,KC,1,8,5,23,1,8.3,8.3,2016,4,3.2,,,
272,Travis Kelce,KC,1,3,3,32,0,3.2,3.2,2016,6,2.4,,,
319,Travis Kelce,KC,1,3,2,24,0,2.4,2.4,2016,7,16.1,,,
352,Travis Kelce,KC,1,10,7,101,1,16.1,16.1,2016,8,5.8,,,
419,Travis Kelce,KC,1,7,5,58,0,5.8,5.8,2016,9,3.1,,,
477,Travis Kelce,KC,1,6,3,31,0,3.1,3.1,2016,10,10.3,,,
505,Travis Kelce,KC,1,9,7,108,0,10.3,10.3,2016,11,10.1,,,
556,Travis Kelce,KC,1,15,8,101,0,10.1,10.1,2016,12,14.0,,,
604,Travis Kelce,KC,1,8,8,140,0,14.0,14.0,2016,13,10.1,,,
655,Travis Kelce,KC,1,8,5,101,0,10.1,10.1,2016,14,4.1,,,
718,Travis Kelce,KC,1,5,3,41,0,4.1,4.1,2016,15,22.0,,,
750,Travis Kelce,KC,1,12,11,160,1,22.0,22.0,2016,16,0.8,,,
841,Travis Kelce,KC,1,2,1,8,0,0.8,0.8,2016,17,4.4,,,
863,Travis Kelce,KC,1,7,5,40,0,4.4,4.4,2017,1,16.3,,,
901,Travis Kelce,KC,1,10,8,103,1,16.3,16.3,2017,2,17.4,,,
1001,Travis Kelce,KC,1,8,7,111,1,17.4,17.4,2017,4,9.8,,,
1060,Travis Kelce,KC,1,11,8,98,0,9.8,9.8,2017,5,3.7,,,
1120,Travis Kelce,KC,1,7,4,37,0,3.7,3.7,2017,6,9.3,,,
1157,Travis Kelce,KC,1,5,4,33,1,9.3,9.3,2017,7,19.3,,,
1200,Travis Kelce,KC,1,10,7,133,1,19.3,19.3,2017,8,13.3,,,
1251,Travis Kelce,KC,1,9,7,73,1,13.3,13.3,2017,9,10.9,,,
1353,Travis Kelce,KC,1,14,8,109,0,10.9,10.9,2017,11,3.9,,,
1417,Travis Kelce,KC,1,4,3,39,0,3.9,3.9,2017,12,21.4,,,
1450,Travis Kelce,KC,1,8,4,94,2,21.4,21.4,2017,13,7.4,,,
1512,Travis Kelce,KC,1,13,7,74,0,7.4,7.4,2017,14,4.6,,,
1571,Travis Kelce,KC,1,7,6,46,0,4.6,4.6,2017,15,10.7,,,
1603,Travis Kelce,KC,1,8,4,47,1,10.7,10.7,2017,16,,,,
56,Trey Burton,PHI,1,7,5,49,1,10.9,10.9,2016,2,1.9,,,
129,Trey Burton,PHI,1,6,2,19,0,1.9,1.9,2016,3,0.5,,,
236,Trey Burton,PHI,1,2,1,5,0,0.5,0.5,2016,5,0.7,,,
298,Trey Burton,PHI,1,1,1,7,0,0.7,0.7,2016,6,0.6,,,
390,Trey Burton,PHI,1,2,1,6,0,0.6,0.6,2016,8,5.5,,,
420,Trey Burton,PHI,1,3,3,55,0,5.5,5.5,2016,9,1.4,,,
533,Trey Burton,PHI,1,2,1,14,0,1.4,1.4,2016,11,1.0,,,
594,Trey Burton,PHI,1,4,3,10,0,1.0,1.0,2016,12,5.3,,,
611,Trey Burton,PHI,1,9,5,53,0,5.3,5.3,2016,13,6.5,,,
659,Trey Burton,PHI,1,10,7,65,0,6.5,6.5,2016,14,3.9,,,
823,Trey Burton,PHI,1,6,5,39,0,3.9,3.9,2016,17,1.0,,,
942,Trey Burton,PHI,1,1,1,10,0,1.0,1.0,2017,2,0.7,,,
993,Trey Burton,PHI,1,3,2,7,0,0.7,0.7,2017,3,7.6,,,
1063,Trey Burton,PHI,1,2,2,16,1,7.6,7.6,2017,5,0.9,,,
1140,Trey Burton,PHI,1,1,1,9,0,0.9,0.9,2017,6,0.7,,,
1194,Trey Burton,PHI,1,1,1,7,0,0.7,0.7,2017,7,2.1,,,
1224,Trey Burton,PHI,1,2,2,21,0,2.1,2.1,2017,8,10.1,,,
1254,Trey Burton,PHI,1,4,2,41,1,10.1,10.1,2017,9,4.2,,,
1467,Trey Burton,PHI,1,7,4,42,0,4.2,4.2,2017,13,19.1,,,
1500,Trey Burton,PHI,1,6,5,71,2,19.1,19.1,2017,14,7.5,,,
1563,Trey Burton,PHI,1,2,2,15,1,7.5,7.5,2017,15,0.9,,,
1686,Trey Burton,PHI,1,2,1,9,0,0.9,0.9,2017,17,,,,
938,Troy Niklas,ARI,1,1,1,16,0,1.6,1.6,2017,2,1.0,,,
987,Troy Niklas,ARI,1,1,1,10,0,1.0,1.0,2017,3,8.0,,,
1112,Troy Niklas,ARI,1,2,2,20,1,8.0,8.0,2017,6,1.6,,,
1280,Troy Niklas,ARI,1,3,1,16,0,1.6,1.6,2017,9,0.0,,,
1347,Troy Niklas,ARI,1,2,0,0,0,0.0,0.0,2017,10,2.2,,,
1428,Troy Niklas,ARI,1,2,2,22,0,2.2,2.2,2017,12,0.7,,,
1545,Troy Niklas,ARI,1,2,1,7,0,0.7,0.7,2017,14,4.1,,,
1572,Troy Niklas,ARI,1,6,3,41,0,4.1,4.1,2017,15,,,,
335,Tyler Eifert,CIN,1,2,1,9,0,0.9,0.9,2016,7,16.2,,,
351,Tyler Eifert,CIN,1,12,9,102,1,16.2,16.2,2016,8,9.6,,,
456,Tyler Eifert,CIN,1,5,3,96,0,9.6,9.6,2016,10,3.7,,,
516,Tyler Eifert,CIN,1,6,3,37,0,3.7,3.7,2016,11,12.8,,,
551,Tyler Eifert,CIN,1,11,5,68,1,12.8,12.8,2016,12,8.5,,,
609,Tyler Eifert,CIN,1,2,2,25,1,8.5,8.5,2016,13,16.8,,,
650,Tyler Eifert,CIN,1,6,5,48,2,16.8,16.8,2016,14,0.9,,,
745,Tyler Eifert,CIN,1,3,1,9,0,0.9,0.9,2016,15,0.4,,,
895,Tyler Eifert,CIN,1,1,1,4,0,0.4,0.4,2017,1,4.2,,,
921,Tyler Eifert,CIN,1,4,3,42,0,4.2,4.2,2017,2,,,,
49,Tyler Higbee,LAR,1,4,1,2,0,0.2,0.2,2016,1,0.0,,,
244,Tyler Higbee,LAR,1,1,0,0,0,0.0,0.0,2016,5,0.4,,,
347,Tyler Higbee,LAR,1,1,1,4,0,0.4,0.4,2016,7,3.1,,,
425,Tyler Higbee,LAR,1,7,1,31,0,3.1,3.1,2016,9,0.4,,,
541,Tyler Higbee,LAR,1,3,2,4,0,0.4,0.4,2016,11,1.6,,,
630,Tyler Higbee,LAR,1,4,2,16,0,1.6,1.6,2016,13,0.8,,,
697,Tyler Higbee,LAR,1,4,1,8,0,0.8,0.8,2016,14,1.5,,,
733,Tyler Higbee,LAR,1,1,1,15,0,1.5,1.5,2016,15,6.5,,,
766,Tyler Higbee,LAR,1,2,2,5,1,6.5,6.5,2016,16,1.7,,,
883,Tyler Higbee,LAR,1,3,2,17,0,1.7,1.7,2017,1,0.4,,,
998,Tyler Higbee,LAR,1,3,1,4,0,0.4,0.4,2017,3,4.7,,,
1018,Tyler Higbee,LAR,1,6,3,47,0,4.7,4.7,2017,4,9.8,,,
1059,Tyler Higbee,LAR,1,8,4,98,0,9.8,9.8,2017,5,0.0,,,
1147,Tyler Higbee,LAR,1,3,1,0,0,0.0,0.0,2017,6,1.3,,,
1187,Tyler Higbee,LAR,1,3,3,13,0,1.3,1.3,2017,7,6.8,,,
1261,Tyler Higbee,LAR,1,2,1,8,1,6.8,6.8,2017,9,2.2,,,
1324,Tyler Higbee,LAR,1,4,2,22,0,2.2,2.2,2017,10,0.5,,,
1397,Tyler Higbee,LAR,1,5,1,5,0,0.5,0.5,2017,11,4.8,,,
1414,Tyler Higbee,LAR,1,3,3,48,0,4.8,4.8,2017,12,1.2,,,
1591,Tyler Higbee,LAR,1,1,1,12,0,1.2,1.2,2017,15,1.5,,,
1632,Tyler Higbee,LAR,1,2,2,15,0,1.5,1.5,2017,16,,,,
75,Tyler Kroft,CIN,1,4,3,35,0,3.5,3.5,2016,2,2.9,,,
221,Tyler Kroft,CIN,1,3,3,29,0,2.9,2.9,2016,5,1.9,,,
283,Tyler Kroft,CIN,1,2,2,19,0,1.9,1.9,2016,6,0.3,,,
348,Tyler Kroft,CIN,1,1,1,3,0,0.3,0.3,2016,7,0.6,,,
392,Tyler Kroft,CIN,1,1,1,6,0,0.6,0.6,2016,8,0.5,,,
893,Tyler Kroft,CIN,1,1,1,5,0,0.5,0.5,2017,1,2.8,,,
973,Tyler Kroft,CIN,1,4,3,28,0,2.8,2.8,2017,3,18.8,,,
1000,Tyler Kroft,CIN,1,7,6,68,2,18.8,18.8,2017,4,3.8,,,
1070,Tyler Kroft,CIN,1,5,4,38,0,3.8,3.8,2017,5,8.3,,,
1160,Tyler Kroft,CIN,1,4,4,23,1,8.3,8.3,2017,7,4.6,,,
1213,Tyler Kroft,CIN,1,6,5,46,0,4.6,4.6,2017,8,7.9,,,
1256,Tyler Kroft,CIN,1,2,2,79,0,7.9,7.9,2017,9,0.4,,,
1337,Tyler Kroft,CIN,1,6,1,4,0,0.4,0.4,2017,10,7.2,,,
1360,Tyler Kroft,CIN,1,3,2,12,1,7.2,7.2,2017,11,7.4,,,
1409,Tyler Kroft,CIN,1,4,3,14,1,7.4,7.4,2017,12,3.0,,,
1474,Tyler Kroft,CIN,1,2,2,30,0,3.0,3.0,2017,13,0.3,,,
1649,Tyler Kroft,CIN,1,5,1,3,0,0.3,0.3,2017,16,17.3,,,
1650,Tyler Kroft,CIN,1,8,6,53,2,17.3,17.3,2017,17,,,,
7,Vance McDonald,SF,1,3,2,14,1,7.4,7.4,2016,1,13.5,,,
53,Vance McDonald,SF,1,2,1,75,1,13.5,13.5,2016,2,0.4,,,
146,Vance McDonald,SF,1,2,2,4,0,0.4,0.4,2016,3,2.5,,,
277,Vance McDonald,SF,1,2,2,25,0,2.5,2.5,2016,6,2.4,,,
320,Vance McDonald,SF,1,6,1,24,0,2.4,2.4,2016,7,14.4,,,
402,Vance McDonald,SF,1,6,3,84,1,14.4,14.4,2016,9,5.0,,,
470,Vance McDonald,SF,1,6,4,50,0,5.0,5.0,2016,10,10.6,,,
504,Vance McDonald,SF,1,6,3,46,1,10.6,10.6,2016,11,6.0,,,
566,Vance McDonald,SF,1,8,4,60,0,6.0,6.0,2016,12,0.9,,,
641,Vance McDonald,SF,1,4,2,9,0,0.9,0.9,2016,13,2.6,,,
1125,Vance McDonald,PIT,1,2,1,26,0,2.6,2.6,2017,6,3.7,,,
1175,Vance McDonald,PIT,1,3,2,37,0,3.7,3.7,2017,7,7.6,,,
1308,Vance McDonald,PIT,1,2,2,16,1,7.6,7.6,2017,10,5.2,,,
1516,Vance McDonald,PIT,1,6,4,52,0,5.2,5.2,2017,14,5.2,,,
1612,Vance McDonald,PIT,1,5,4,52,0,5.2,5.2,2017,16,0.5,,,
1694,Vance McDonald,PIT,1,2,1,5,0,0.5,0.5,2017,17,,,,
29,Vernon Davis,WAS,1,1,1,20,0,2.0,2.0,2016,1,5.1,,,
69,Vernon Davis,WAS,1,5,5,51,0,5.1,5.1,2016,2,0.8,,,
190,Vernon Davis,WAS,1,1,1,8,0,0.8,0.8,2016,4,1.5,,,
225,Vernon Davis,WAS,1,4,3,15,0,1.5,1.5,2016,5,11.0,,,
256,Vernon Davis,WAS,1,4,2,50,1,11.0,11.0,2016,6,7.9,,,
304,Vernon Davis,WAS,1,6,6,79,0,7.9,7.9,2016,7,9.3,,,
356,Vernon Davis,WAS,1,5,5,93,0,9.3,9.3,2016,8,12.6,,,
453,Vernon Davis,WAS,1,3,3,66,1,12.6,12.6,2016,10,0.0,,,
544,Vernon Davis,WAS,1,1,0,0,0,0.0,0.0,2016,11,6.8,,,
562,Vernon Davis,WAS,1,7,5,68,0,6.8,6.8,2016,12,4.7,,,
613,Vernon Davis,WAS,1,6,5,47,0,4.7,4.7,2016,13,2.3,,,
730,Vernon Davis,WAS,1,9,4,23,0,2.3,2.3,2016,15,1.3,,,
793,Vernon Davis,WAS,1,2,1,13,0,1.3,1.3,2016,16,4.9,,,
821,Vernon Davis,WAS,1,3,2,49,0,4.9,4.9,2016,17,0.0,,,
897,Vernon Davis,WAS,1,1,0,0,0,0.0,0.0,2017,1,1.3,,,
940,Vernon Davis,WAS,1,1,1,13,0,1.3,1.3,2017,2,11.8,,,
953,Vernon Davis,WAS,1,5,5,58,1,11.8,11.8,2017,3,8.9,,,
1006,Vernon Davis,WAS,1,3,2,89,0,8.9,8.9,2017,4,6.5,,,
1114,Vernon Davis,WAS,1,4,3,65,0,6.5,6.5,2017,6,6.7,,,
1164,Vernon Davis,WAS,1,4,4,67,0,6.7,6.7,2017,7,2.0,,,
1226,Vernon Davis,WAS,1,4,2,20,0,2.0,2.0,2017,8,7.2,,,
1258,Vernon Davis,WAS,1,9,6,72,0,7.2,7.2,2017,9,7.6,,,
1307,Vernon Davis,WAS,1,11,7,76,0,7.6,7.6,2017,10,6.7,,,
1361,Vernon Davis,WAS,1,6,3,67,0,6.7,6.7,2017,11,1.5,,,
1491,Vernon Davis,WAS,1,2,2,15,0,1.5,1.5,2017,13,8.6,,,
1509,Vernon Davis,WAS,1,7,2,26,1,8.6,8.6,2017,14,1.8,,,
1583,Vernon Davis,WAS,1,4,2,18,0,1.8,1.8,2017,15,10.2,,,
1604,Vernon Davis,WAS,1,3,2,42,1,10.2,10.2,2017,16,2.0,,,
1672,Vernon Davis,WAS,1,3,2,20,0,2.0,2.0,2017,17,,,,
23,Virgil Green,DEN,1,5,4,28,0,2.8,2.8,2016,1,4.6,,,
71,Virgil Green,DEN,1,3,3,46,0,4.6,4.6,2016,2,2.1,,,
281,Virgil Green,DEN,1,4,3,21,0,2.1,2.1,2016,6,5.5,,,
364,Virgil Green,DEN,1,6,4,55,0,5.5,5.5,2016,8,3.7,,,
423,Virgil Green,DEN,1,4,2,37,0,3.7,3.7,2016,9,2.4,,,
484,Virgil Green,DEN,1,6,2,24,0,2.4,2.4,2016,10,0.9,,,
746,Virgil Green,DEN,1,2,1,9,0,0.9,0.9,2016,15,7.7,,,
812,Virgil Green,DEN,1,4,3,17,1,7.7,7.7,2016,17,4.4,,,
862,Virgil Green,DEN,1,1,1,44,0,4.4,4.4,2017,1,7.1,,,
915,Virgil Green,DEN,1,3,2,11,1,7.1,7.1,2017,2,1.8,,,
977,Virgil Green,DEN,1,3,3,18,0,1.8,1.8,2017,3,2.4,,,
1126,Virgil Green,DEN,1,1,1,24,0,2.4,2.4,2017,6,0.7,,,
1196,Virgil Green,DEN,1,2,1,7,0,0.7,0.7,2017,7,1.6,,,
1230,Virgil Green,DEN,1,2,1,16,0,1.6,1.6,2017,8,1.3,,,
1380,Virgil Green,DEN,1,4,2,13,0,1.3,1.3,2017,11,1.6,,,
1432,Virgil Green,DEN,1,3,1,16,0,1.6,1.6,2017,12,3.6,,,
1470,Virgil Green,DEN,1,1,1,36,0,3.6,3.6,2017,13,0.6,,,
1693,Virgil Green,DEN,1,1,1,6,0,0.6,0.6,2017,17,,,,
34,Will Tye,NYG,1,3,3,16,0,1.6,1.6,2016,1,1.0,,,
95,Will Tye,NYG,1,3,2,10,0,1.0,1.0,2016,2,1.4,,,
135,Will Tye,NYG,1,5,3,14,0,1.4,1.4,2016,3,4.3,,,
170,Will Tye,NYG,1,6,4,43,0,4.3,4.3,2016,4,3.7,,,
220,Will Tye,NYG,1,3,2,37,0,3.7,3.7,2016,5,1.5,,,
288,Will Tye,NYG,1,2,2,15,0,1.5,1.5,2016,6,1.4,,,
328,Will Tye,NYG,1,3,2,14,0,1.4,1.4,2016,7,3.3,,,
424,Will Tye,NYG,1,7,4,33,0,3.3,3.3,2016,9,5.3,,,
469,Will Tye,NYG,1,8,5,53,0,5.3,5.3,2016,10,7.2,,,
512,Will Tye,NYG,1,5,2,12,1,7.2,7.2,2016,11,1.2,,,
591,Will Tye,NYG,1,2,2,12,0,1.2,1.2,2016,12,2.2,,,
627,Will Tye,NYG,1,4,2,22,0,2.2,2.2,2016,13,1.9,,,
681,Will Tye,NYG,1,2,2,19,0,1.9,1.9,2016,14,2.5,,,
729,Will Tye,NYG,1,4,4,25,0,2.5,2.5,2016,15,2.3,,,
785,Will Tye,NYG,1,8,5,23,0,2.3,2.3,2016,16,4.7,,,
822,Will Tye,NYG,1,5,4,47,0,4.7,4.7,2016,17,3.4,,,
871,Will Tye,NYJ,1,3,3,34,0,3.4,3.4,2017,1,,,,
61,Xavier Grimble,PIT,1,4,2,26,1,8.6,8.6,2016,2,1.9,,,
178,Xavier Grimble,PIT,1,2,1,19,0,1.9,1.9,2016,4,1.3,,,
228,Xavier Grimble,PIT,1,2,2,13,0,1.3,1.3,2016,5,1.1,,,
292,Xavier Grimble,PIT,1,3,1,11,0,1.1,1.1,2016,6,1.4,,,
327,Xavier Grimble,PIT,1,5,2,14,0,1.4,1.4,2016,7,1.0,,,
441,Xavier Grimble,PIT,1,1,1,10,0,1.0,1.0,2016,9,0.5,,,
494,Xavier Grimble,PIT,1,2,1,5,0,0.5,0.5,2016,10,8.0,,,
759,Xavier Grimble,PIT,1,2,1,20,1,8.0,8.0,2016,16,1.2,,,
1190,Xavier Grimble,PIT,1,1,1,12,0,1.2,1.2,2017,7,6.1,,,
1410,Xavier Grimble,PIT,1,1,1,1,1,6.1,6.1,2017,12,0.8,,,
1598,Xavier Grimble,PIT,1,1,1,8,0,0.8,0.8,2017,15,0.2,,,
1699,Xavier Grimble,PIT,1,1,1,2,0,0.2,0.2,2017,17,,,,
14,Zach Ertz,PHI,1,7,6,58,0,5.8,5.8,2016,1,3.7,,,
219,Zach Ertz,PHI,1,3,3,37,0,3.7,3.7,2016,5,2.2,,,
280,Zach Ertz,PHI,1,3,1,22,0,2.2,2.2,2016,6,1.4,,,
326,Zach Ertz,PHI,1,3,1,14,0,1.4,1.4,2016,7,1.9,,,
379,Zach Ertz,PHI,1,4,4,19,0,1.9,1.9,2016,8,9.7,,,
409,Zach Ertz,PHI,1,8,8,97,0,9.7,9.7,2016,9,5.5,,,
468,Zach Ertz,PHI,1,7,6,55,0,5.5,5.5,2016,10,9.5,,,
506,Zach Ertz,PHI,1,11,6,35,1,9.5,9.5,2016,11,3.6,,,
574,Zach Ertz,PHI,1,6,3,36,0,3.6,3.6,2016,12,13.9,,,
605,Zach Ertz,PHI,1,15,9,79,1,13.9,13.9,2016,13,11.2,,,
654,Zach Ertz,PHI,1,13,10,112,0,11.2,11.2,2016,14,8.0,,,
710,Zach Ertz,PHI,1,8,6,80,0,8.0,8.0,2016,15,3.3,,,
779,Zach Ertz,PHI,1,2,2,33,0,3.3,3.3,2016,16,25.9,,,
800,Zach Ertz,PHI,1,16,13,139,2,25.9,25.9,2016,17,9.3,,,
855,Zach Ertz,PHI,1,8,8,93,0,9.3,9.3,2017,1,9.7,,,
906,Zach Ertz,PHI,1,10,5,97,0,9.7,9.7,2017,2,11.5,,,
954,Zach Ertz,PHI,1,10,8,55,1,11.5,11.5,2017,3,8.1,,,
1008,Zach Ertz,PHI,1,8,5,81,0,8.1,8.1,2017,4,12.1,,,
1054,Zach Ertz,PHI,1,12,6,61,1,12.1,12.1,2017,5,13.8,,,
1102,Zach Ertz,PHI,1,5,2,18,2,13.8,13.8,2017,6,14.9,,,
1152,Zach Ertz,PHI,1,5,5,89,1,14.9,14.9,2017,7,9.4,,,
1205,Zach Ertz,PHI,1,6,4,34,1,9.4,9.4,2017,8,0.8,,,
1389,Zach Ertz,PHI,1,5,2,8,0,0.8,0.8,2017,11,16.3,,,
1402,Zach Ertz,PHI,1,12,10,103,1,16.3,16.3,2017,12,2.4,,,
1478,Zach Ertz,PHI,1,4,2,24,0,2.4,2.4,2017,13,11.6,,,
1555,Zach Ertz,PHI,1,9,6,56,1,11.6,11.6,2017,15,8.1,,,
1607,Zach Ertz,PHI,1,14,9,81,0,8.1,8.1,2017,16,2.4,,,
1669,Zach Ertz,PHI,1,2,2,24,0,2.4,2.4,2017,17,,,,
39,Zach Miller,CHI,1,4,3,14,0,1.4,1.4,2016,1,3.3,,,
77,Zach Miller,CHI,1,5,4,33,0,3.3,3.3,2016,2,19.8,,,
100,Zach Miller,CHI,1,9,8,78,2,19.8,19.8,2016,3,9.1,,,
158,Zach Miller,CHI,1,3,3,31,1,9.1,9.1,2016,4,7.3,,,
212,Zach Miller,CHI,1,8,7,73,0,7.3,7.3,2016,5,3.6,,,
269,Zach Miller,CHI,1,10,6,36,0,3.6,3.6,2016,6,4.0,,,
313,Zach Miller,CHI,1,5,2,40,0,4.0,4.0,2016,7,8.8,,,
358,Zach Miller,CHI,1,10,7,88,0,8.8,8.8,2016,8,3.2,,,
476,Zach Miller,CHI,1,7,4,32,0,3.2,3.2,2016,10,12.1,,,
502,Zach Miller,CHI,1,3,3,61,1,12.1,12.1,2016,11,3.9,,,
868,Zach Miller,CHI,1,6,4,39,0,3.9,3.9,2017,1,4.2,,,
922,Zach Miller,CHI,1,9,6,42,0,4.2,4.2,2017,2,1.7,,,
979,Zach Miller,CHI,1,3,1,17,0,1.7,1.7,2017,3,4.5,,,
1021,Zach Miller,CHI,1,2,2,45,0,4.5,4.5,2017,4,9.9,,,
1058,Zach Miller,CHI,1,7,3,39,1,9.9,9.9,2017,5,8.5,,,
1110,Zach Miller,CHI,1,3,2,25,1,8.5,8.5,2017,6,2.9,,,
1177,Zach Miller,CHI,1,3,2,29,0,2.9,2.9,2017,7,,,,
